  53743.378260000  10.06790   0.00141
  53742.143690000  10.06800   0.00086
  53727.299440000  10.06830   0.00070
  53742.212480000  10.06900   0.00069
  53732.283720000  10.06900   0.00062
  53737.281700000  10.06920   0.00069
  53737.253200000  10.06930   0.00076
  53726.148170000  10.06940   0.00090
  53732.293000000  10.06950   0.00076
  53732.281450000  10.06950   0.00064
  53732.280060000  10.06950   0.00064
  53732.282970000  10.06950   0.00064
  53727.302720000  10.06960   0.00077
  53742.211220000  10.06960   0.00069
  53743.373620000  10.06960   0.00139
  53732.298210000  10.06960   0.00066
  53732.269070000  10.06960   0.00077
  53727.315630000  10.06970   0.00064
  53726.134290000  10.06970   0.00074
  53726.140360000  10.06980   0.00085
  53737.256960000  10.06980   0.00076
  53732.262300000  10.06980   0.00067
  53743.365630000  10.06990   0.00135
  53737.263000000  10.06990   0.00076
  53753.301451000  10.06990   0.00067
  53742.152620000  10.07000   0.00087
  53742.177110000  10.07000   0.00085
  53726.151940000  10.07000   0.00088
  53737.250940000  10.07000   0.00077
  53732.278270000  10.07000   0.00075
  53742.177970000  10.07010   0.00085
  53742.203570000  10.07010   0.00069
  53753.288031000  10.07010   0.00068
  53732.276030000  10.07010   0.00075
  53726.149970000  10.07020   0.00085
  53742.202230000  10.07020   0.00069
  53753.250491000  10.07020   0.00066
  53732.308690000  10.07020   0.00067
  53727.312660000  10.07020   0.00070
  53737.247920000  10.07020   0.00077
  53737.265250000  10.07030   0.00075
  53753.265201000  10.07030   0.00068
  53737.266000000  10.07030   0.00074
  53732.282220000  10.07030   0.00063
  53753.309131000  10.07040   0.00066
  53727.313420000  10.07040   0.00071
  53742.161590000  10.07040   0.00086
  53742.173910000  10.07040   0.00086
  53732.276780000  10.07040   0.00075
  53732.263560000  10.07040   0.00067
  53732.257860000  10.07040   0.00067
  53737.251690000  10.07050   0.00076
  53737.260730000  10.07050   0.00075
  53742.147750000  10.07050   0.00087
  53726.135120000  10.07050   0.00076
  53742.209940000  10.07050   0.00069
  53742.174680000  10.07050   0.00086
  53743.370980000  10.07060   0.00124
  53737.250140000  10.07060   0.00077
  53743.369640000  10.07060   0.00134
  53737.257710000  10.07060   0.00076
  53753.273471000  10.07060   0.00069
  53742.163230000  10.07070   0.00086
  53753.300171000  10.07070   0.00067
  53732.238740000  10.07070   0.00086
  53742.155070000  10.07070   0.00088
  53732.293760000  10.07080   0.00077
  53742.182840000  10.07080   0.00084
  53753.304641000  10.07080   0.00065
  53753.272841000  10.07090   0.00070
  53742.184400000  10.07090   0.00082
  53753.274121000  10.07090   0.00069
  53742.176300000  10.07090   0.00085
  53753.295721000  10.07090   0.00066
  53727.317150000  10.07090   0.00053
  53732.297730000  10.07090   0.00067
  53742.186860000  10.07090   0.00082
  53732.280620000  10.07090   0.00064
  53732.279050000  10.07090   0.00074
  53726.146260000  10.07100   0.00088
  53732.241360000  10.07100   0.00087
  53732.285250000  10.07100   0.00063
  53727.287980000  10.07100   0.00074
  53726.128630000  10.07100   0.00091
  53737.262250000  10.07110   0.00076
  53742.169840000  10.07110   0.00086
  53753.300851000  10.07110   0.00067
  53753.303361000  10.07110   0.00065
  53732.259770000  10.07120   0.00067
  53727.293650000  10.07120   0.00070
  53732.269820000  10.07120   0.00076
  53733.437600000  10.07120   0.00137
  53742.185250000  10.07120   0.00082
  53753.307211000  10.07120   0.00067
  53742.167310000  10.07120   0.00094
  53742.150180000  10.07120   0.00089
  53732.284500000  10.07120   0.00063
  53732.287630000  10.07120   0.00063
  53733.465970000  10.07130   0.00167
  53753.265791000  10.07130   0.00069
  53737.249410000  10.07130   0.00077
  53732.261660000  10.07130   0.00065
  53742.164050000  10.07130   0.00086
  53732.274520000  10.07130   0.00075
  53726.145490000  10.07130   0.00087
  53726.138620000  10.07130   0.00085
  53732.273920000  10.07140   0.00076
  53742.193390000  10.07140   0.00085
  53753.270261000  10.07140   0.00065
  53742.144480000  10.07140   0.00085
  53742.201110000  10.07140   0.00068
  53742.206740000  10.07140   0.00068
  53737.253960000  10.07140   0.00078
  53732.304130000  10.07140   0.00069
  53726.131780000  10.07140   0.00083
  53743.364290000  10.07150   0.00136
  53726.136010000  10.07150   0.00083
  53753.251121000  10.07150   0.00066
  53742.164890000  10.07150   0.00089
  53742.190140000  10.07150   0.00084
  53743.358700000  10.07150   0.00102
  53732.264830000  10.07150   0.00065
  53732.387410000  10.07150   0.00098
  53753.299581000  10.07160   0.00067
  53753.298891000  10.07160   0.00067
  53753.298261000  10.07160   0.00064
  53742.142910000  10.07160   0.00090
  53732.215550000  10.07160   0.00078
  53737.256210000  10.07160   0.00075
  53727.287230000  10.07160   0.00074
  53726.142030000  10.07170   0.00081
  53742.214450000  10.07170   0.00068
  53753.285471000  10.07170   0.00068
  53753.294451000  10.07170   0.00067
  53743.368330000  10.07180   0.00132
  53742.151830000  10.07180   0.00090
  53732.245760000  10.07180   0.00085
  53732.288900000  10.07180   0.00063
  53732.291420000  10.07180   0.00067
  53737.259980000  10.07180   0.00077
  53726.130500000  10.07180   0.00091
  53737.247170000  10.07180   0.00076
  53737.254710000  10.07180   0.00077
  53753.272171000  10.07180   0.00072
  53753.307871000  10.07180   0.00067
  53753.316841000  10.07180   0.00065
  53737.259220000  10.07190   0.00076
  53753.309781000  10.07190   0.00066
  53726.144320000  10.07190   0.00078
  53733.467700000  10.07190   0.00168
  53753.308481000  10.07190   0.00066
  53732.292370000  10.07190   0.00077
  53737.269590000  10.07200   0.00066
  53732.302630000  10.07200   0.00068
  53737.284630000  10.07200   0.00064
  53732.259140000  10.07200   0.00066
  53753.317481000  10.07200   0.00066
  53742.134770000  10.07200   0.00098
  53753.319411000  10.07200   0.00066
  53753.305261000  10.07200   0.00065
  53726.137740000  10.07200   0.00085
  53728.495820000  10.07200   0.00140
  53753.310421000  10.07200   0.00066
  53753.287381000  10.07200   0.00068
  53742.159970000  10.07200   0.00086
  53753.286111000  10.07200   0.00068
  53727.304440000  10.07200   0.00080
  53727.296530000  10.07210   0.00063
  53727.290970000  10.07210   0.00069
  53733.434940000  10.07210   0.00128
  53742.188540000  10.07210   0.00083
  53742.213110000  10.07210   0.00070
  53732.275270000  10.07210   0.00076
  53742.208010000  10.07210   0.00069
  53737.261500000  10.07210   0.00076
  53732.308200000  10.07210   0.00067
  53732.223950000  10.07210   0.00083
  53732.296730000  10.07210   0.00076
  53742.146970000  10.07220   0.00086
  53742.195840000  10.07220   0.00084
  53753.312981000  10.07220   0.00066
  53732.322160000  10.07220   0.00105
  53732.288280000  10.07220   0.00063
  53753.305961000  10.07220   0.00066
  53732.314220000  10.07230   0.00082
  53753.222781000  10.07230   0.00091
  53737.297380000  10.07230   0.00077
  53742.145300000  10.07230   0.00085
  53737.252440000  10.07230   0.00077
  53732.323420000  10.07230   0.00128
  53732.239630000  10.07230   0.00087
  53742.159150000  10.07230   0.00085
  53732.237020000  10.07240   0.00087
  53728.465060000  10.07240   0.00124
  53732.262930000  10.07240   0.00066
  53733.436200000  10.07240   0.00134
  53737.282680000  10.07240   0.00077
  53732.256620000  10.07240   0.00067
  53732.201190000  10.07240   0.00078
  53743.367010000  10.07240   0.00131
  53726.139490000  10.07240   0.00084
  53743.363110000  10.07240   0.00134
  53742.208660000  10.07250   0.00068
  53732.257280000  10.07250   0.00067
  53733.469430000  10.07250   0.00171
  53727.292740000  10.07250   0.00074
  53732.298860000  10.07250   0.00066
  53737.266780000  10.07250   0.00075
  53742.204170000  10.07250   0.00069
  53742.207390000  10.07260   0.00069
  53753.269611000  10.07260   0.00066
  53742.165730000  10.07260   0.00093
  53742.183630000  10.07260   0.00083
  53742.151010000  10.07260   0.00087
  53732.303500000  10.07260   0.00068
  53737.293150000  10.07260   0.00076
  53737.268670000  10.07260   0.00072
  53732.290790000  10.07260   0.00067
  53732.289530000  10.07260   0.00065
  53737.299680000  10.07260   0.00075
  53732.335120000  10.07260   0.00153
  53726.133370000  10.07270   0.00081
  53742.136510000  10.07270   0.00085
  53742.169010000  10.07270   0.00085
  53726.152800000  10.07270   0.00089
  53753.227621000  10.07270   0.00088
  53742.168180000  10.07270   0.00088
  53732.352890000  10.07270   0.00117
  53727.323480000  10.07270   0.00086
  53726.147240000  10.07280   0.00084
  53753.320741000  10.07280   0.00066
  53732.286370000  10.07280   0.00064
  53727.289480000  10.07280   0.00072
  53742.154280000  10.07280   0.00086
  53732.312160000  10.07280   0.00072
  53742.148570000  10.07280   0.00085
  53753.303991000  10.07280   0.00066
  53732.230040000  10.07280   0.00088
  53732.310750000  10.07280   0.00074
  53753.314921000  10.07280   0.00066
  53753.249831000  10.07280   0.00066
  53742.213810000  10.07280   0.00069
  53753.270891000  10.07280   0.00064
  53732.237910000  10.07280   0.00087
  53737.263750000  10.07280   0.00077
  53732.261020000  10.07280   0.00066
  53742.172300000  10.07290   0.00086
  53753.268991000  10.07290   0.00067
  53743.377080000  10.07290   0.00142
  53753.316201000  10.07290   0.00066
  53742.211850000  10.07290   0.00070
  53727.301880000  10.07290   0.00078
  53727.311170000  10.07290   0.00067
  53742.186060000  10.07290   0.00084
  53732.285770000  10.07290   0.00066
  53726.150910000  10.07290   0.00087
  53753.266421000  10.07300   0.00069
  53732.258510000  10.07300   0.00068
  53732.312850000  10.07300   0.00076
  53727.288710000  10.07300   0.00075
  53737.267750000  10.07300   0.00074
  53742.201630000  10.07300   0.00069
  53753.297621000  10.07300   0.00065
  53732.231780000  10.07300   0.00086
  53753.249201000  10.07310   0.00067
  53753.302731000  10.07310   0.00066
  53727.286630000  10.07310   0.00073
  53732.324600000  10.07310   0.00118
  53727.314160000  10.07310   0.00069
  53732.224820000  10.07310   0.00082
  53742.178760000  10.07310   0.00086
  53732.265460000  10.07310   0.00067
  53742.216340000  10.07310   0.00069
  53742.149380000  10.07320   0.00092
  53742.138790000  10.07320   0.00088
  53732.266740000  10.07320   0.00068
  53732.260420000  10.07320   0.00068
  53742.153460000  10.07320   0.00086
  53732.301150000  10.07320   0.00078
  53733.450990000  10.07330   0.00152
  53737.298180000  10.07330   0.00078
  53743.375020000  10.07330   0.00142
  53753.311121000  10.07330   0.00066
  53753.314281000  10.07330   0.00065
  53753.312401000  10.07330   0.00066
  53733.441630000  10.07330   0.00128
  53737.290910000  10.07330   0.00075
  53737.264500000  10.07330   0.00076
  53732.319170000  10.07330   0.00107
  53732.197000000  10.07330   0.00066
  53732.336810000  10.07330   0.00147
  53732.233530000  10.07340   0.00086
  53753.267731000  10.07340   0.00069
  53742.204810000  10.07340   0.00069
  53753.297051000  10.07340   0.00066
  53733.433570000  10.07340   0.00131
  53753.274731000  10.07340   0.00070
  53742.195070000  10.07340   0.00084
  53753.313641000  10.07340   0.00066
  53742.162440000  10.07340   0.00087
  53753.296351000  10.07340   0.00067
  53732.290150000  10.07340   0.00068
  53732.264210000  10.07340   0.00066
  53732.331810000  10.07340   0.00153
  53742.220190000  10.07340   0.00071
  53753.315561000  10.07350   0.00067
  53732.348110000  10.07350   0.00113
  53732.350420000  10.07350   0.00118
  53732.313530000  10.07350   0.00091
  53753.302101000  10.07350   0.00066
  53742.192560000  10.07350   0.00086
  53732.302160000  10.07350   0.00067
  53737.283650000  10.07350   0.00067
  53726.153780000  10.07360   0.00092
  53727.314920000  10.07360   0.00065
  53742.235090000  10.07360   0.00104
  53737.255460000  10.07360   0.00075
  53742.194260000  10.07360   0.00086
  53732.240490000  10.07360   0.00088
  53732.381590000  10.07360   0.00097
  53732.266100000  10.07360   0.00068
  53727.258510000  10.07360   0.00077
  53742.156700000  10.07360   0.00085
  53742.133810000  10.07360   0.00099
  53732.225690000  10.07360   0.00086
  53737.291660000  10.07370   0.00078
  53726.170460000  10.07370   0.00074
  53732.362060000  10.07370   0.00113
  53742.189360000  10.07370   0.00082
  53732.358580000  10.07370   0.00125
  53753.267061000  10.07370   0.00069
  53732.230940000  10.07370   0.00086
  53742.216960000  10.07380   0.00070
  53727.259390000  10.07380   0.00078
  53742.157530000  10.07380   0.00085
  53732.244840000  10.07380   0.00085
  53733.442930000  10.07380   0.00131
  53727.290230000  10.07380   0.00071
  53727.295570000  10.07380   0.00062
  53753.320051000  10.07380   0.00066
  53732.341890000  10.07380   0.00139
  53732.327280000  10.07380   0.00127
  53753.203181000  10.07380   0.00069
  53732.349270000  10.07390   0.00112
  53732.287020000  10.07390   0.00064
  53742.160770000  10.07390   0.00096
  53726.143520000  10.07390   0.00079
  53742.205470000  10.07390   0.00069
  53732.267730000  10.07390   0.00081
  53726.165270000  10.07390   0.00068
  53732.175510000  10.07390   0.00083
  53753.221081000  10.07390   0.00089
  53732.243160000  10.07400   0.00087
  53743.372320000  10.07400   0.00126
  53742.140420000  10.07400   0.00087
  53742.225950000  10.07400   0.00075
  53742.219600000  10.07400   0.00072
  53742.139600000  10.07400   0.00087
  53732.229190000  10.07400   0.00087
  53742.158330000  10.07400   0.00088
  53727.266120000  10.07400   0.00082
  53732.328590000  10.07400   0.00148
  53742.202900000  10.07400   0.00069
  53742.170630000  10.07400   0.00087
  53727.271880000  10.07400   0.00071
  53732.325940000  10.07400   0.00141
  53732.166570000  10.07410   0.00084
  53737.286590000  10.07410   0.00076
  53732.317330000  10.07410   0.00123
  53742.209290000  10.07410   0.00068
  53743.360830000  10.07410   0.00106
  53753.225711000  10.07410   0.00092
  53727.274110000  10.07420   0.00053
  53742.215030000  10.07420   0.00070
  53737.296640000  10.07420   0.00076
  53732.246570000  10.07420   0.00085
  53727.282600000  10.07420   0.00082
  53742.171470000  10.07420   0.00086
  53732.320340000  10.07420   0.00102
  53727.311930000  10.07420   0.00068
  53742.191750000  10.07420   0.00086
  53727.243970000  10.07420   0.00064
  53726.132590000  10.07420   0.00083
  53727.316370000  10.07430   0.00061
  53733.432180000  10.07430   0.00139
  53732.310210000  10.07430   0.00071
  53727.292030000  10.07430   0.00072
  53742.137980000  10.07430   0.00087
  53753.226671000  10.07430   0.00089
  53732.222190000  10.07430   0.00087
  53742.221460000  10.07430   0.00071
  53732.357430000  10.07430   0.00109
  53727.271120000  10.07440   0.00071
  53727.297500000  10.07440   0.00064
  53727.270520000  10.07440   0.00072
  53732.315600000  10.07440   0.00078
  53726.169710000  10.07440   0.00075
  53732.321180000  10.07440   0.00108
  53732.212530000  10.07440   0.00074
  53733.459360000  10.07440   0.00163
  53737.289530000  10.07440   0.00059
  53753.212741000  10.07450   0.00068
  53753.215921000  10.07450   0.00068
  53753.208871000  10.07450   0.00067
  53742.137160000  10.07450   0.00085
  53732.268320000  10.07450   0.00077
  53737.292400000  10.07450   0.00076
  53742.210570000  10.07460   0.00068
  53732.338500000  10.07460   0.00139
  53753.220371000  10.07460   0.00091
  53726.168910000  10.07460   0.00072
  53753.268361000  10.07460   0.00068
  53742.222100000  10.07460   0.00069
  53733.429540000  10.07460   0.00130
  53732.347100000  10.07460   0.00112
  53732.318180000  10.07470   0.00097
  53732.330240000  10.07470   0.00168
  53732.360900000  10.07470   0.00113
  53737.258470000  10.07470   0.00077
  53732.314940000  10.07470   0.00083
  53726.149040000  10.07470   0.00086
  53742.218240000  10.07470   0.00071
  53727.246780000  10.07470   0.00074
  53726.166630000  10.07470   0.00071
  53727.272640000  10.07480   0.00066
  53732.220450000  10.07480   0.00085
  53732.223110000  10.07480   0.00081
  53732.211780000  10.07480   0.00075
  53732.200470000  10.07480   0.00075
  53742.206090000  10.07480   0.00069
  53733.399560000  10.07480   0.00134
  53742.142050000  10.07480   0.00090
  53732.232660000  10.07480   0.00086
  53728.493940000  10.07480   0.00138
  53728.492130000  10.07490   0.00118
  53742.217590000  10.07490   0.00072
  53742.222740000  10.07490   0.00071
  53732.243970000  10.07490   0.00086
  53732.311490000  10.07490   0.00073
  53732.211070000  10.07490   0.00075
  53732.228300000  10.07490   0.00089
  53742.224070000  10.07500   0.00073
  53742.227230000  10.07500   0.00069
  53742.233190000  10.07500   0.00099
  53753.318821000  10.07500   0.00066
  53742.181960000  10.07500   0.00084
  53727.257690000  10.07500   0.00076
  53727.267690000  10.07500   0.00082
  53753.213391000  10.07510   0.00067
  53737.294650000  10.07510   0.00066
  53727.278200000  10.07510   0.00079
  53732.209540000  10.07510   0.00075
  53742.232350000  10.07510   0.00092
  53732.218850000  10.07510   0.00086
  53732.208780000  10.07510   0.00079
  53732.316290000  10.07520   0.00079
  53753.224751000  10.07520   0.00090
  53733.446960000  10.07520   0.00139
  53753.207631000  10.07520   0.00066
  53732.333460000  10.07520   0.00146
  53727.268580000  10.07520   0.00081
  53742.235950000  10.07520   0.00105
  53742.238880000  10.07530   0.00108
  53733.430930000  10.07530   0.00133
  53727.255060000  10.07530   0.00071
  53732.374490000  10.07530   0.00088
  53732.221330000  10.07530   0.00083
  53737.293910000  10.07530   0.00077
  53726.165880000  10.07530   0.00067
  53753.209541000  10.07530   0.00067
  53753.219371000  10.07530   0.00081
  53733.456390000  10.07540   0.00153
  53742.243300000  10.07540   0.00120
  53753.212111000  10.07540   0.00067
  53732.174700000  10.07540   0.00083
  53732.198260000  10.07540   0.00066
  53726.168150000  10.07540   0.00070
  53732.208020000  10.07540   0.00073
  53727.294470000  10.07540   0.00066
  53742.241160000  10.07550   0.00120
  53732.201960000  10.07550   0.00078
  53753.200671000  10.07550   0.00069
  53742.250210000  10.07550   0.00115
  53727.256070000  10.07550   0.00079
  53732.191860000  10.07550   0.00066
  53732.214790000  10.07560   0.00074
  53733.449710000  10.07560   0.00146
  53742.230060000  10.07560   0.00091
  53737.270510000  10.07560   0.00056
  53732.365550000  10.07570   0.00117
  53753.194951000  10.07570   0.00069
  53753.221931000  10.07570   0.00089
  53727.254340000  10.07570   0.00070
  53753.202561000  10.07570   0.00069
  53732.359750000  10.07570   0.00120
  53742.242150000  10.07580   0.00116
  53753.198781000  10.07580   0.00069
  53753.198131000  10.07580   0.00069
  53727.260250000  10.07580   0.00079
  53732.162530000  10.07580   0.00080
  53732.376100000  10.07580   0.00087
  53742.244460000  10.07580   0.00121
  53726.171990000  10.07580   0.00073
  53726.167390000  10.07580   0.00069
  53727.256780000  10.07590   0.00078
  53742.215660000  10.07590   0.00070
  53753.196911000  10.07590   0.00069
  53732.185030000  10.07590   0.00067
  53753.204461000  10.07590   0.00067
  53737.312970000  10.07590   0.00100
  53732.242230000  10.07600   0.00086
  53732.382480000  10.07600   0.00095
  53742.228490000  10.07600   0.00072
  53733.426970000  10.07600   0.00125
  53732.351720000  10.07610   0.00121
  53732.364410000  10.07610   0.00117
  53742.179580000  10.07610   0.00085
  53737.298930000  10.07610   0.00077
  53732.199830000  10.07610   0.00075
  53742.237900000  10.07610   0.00108
  53742.236950000  10.07610   0.00110
  53753.203831000  10.07610   0.00067
  53742.231520000  10.07610   0.00095
  53753.206991000  10.07610   0.00066
  53733.438960000  10.07610   0.00140
  53742.225340000  10.07620   0.00071
  53732.202950000  10.07620   0.00085
  53732.164150000  10.07620   0.00083
  53732.214060000  10.07620   0.00078
  53732.190090000  10.07620   0.00066
  53753.215301000  10.07620   0.00068
  53732.363240000  10.07630   0.00118
  53753.214031000  10.07630   0.00067
  53732.207410000  10.07630   0.00074
  53732.217860000  10.07630   0.00076
  53732.192490000  10.07640   0.00066
  53753.210171000  10.07640   0.00067
  53742.245620000  10.07640   0.00117
  53726.171240000  10.07640   0.00077
  53732.156850000  10.07640   0.00085
  53732.210280000  10.07640   0.00077
  53733.460940000  10.07640   0.00178
  53742.218890000  10.07650   0.00072
  53742.247910000  10.07650   0.00123
  53726.209180000  10.07650   0.00060
  53753.201331000  10.07650   0.00069
  53727.246170000  10.07650   0.00079
  53732.186960000  10.07650   0.00066
  53732.236140000  10.07660   0.00086
  53742.239860000  10.07660   0.00114
  53753.211481000  10.07660   0.00067
  53732.194430000  10.07660   0.00066
  53728.479120000  10.07660   0.00153
  53732.380490000  10.07660   0.00090
  53732.197630000  10.07670   0.00066
  53753.208241000  10.07670   0.00067
  53742.253670000  10.07670   0.00118
  53733.440240000  10.07670   0.00133
  53732.390410000  10.07670   0.00098
  53728.459530000  10.07670   0.00120
  53753.196231000  10.07670   0.00069
  53753.180661000  10.07670   0.00082
  53727.253540000  10.07670   0.00068
  53742.252560000  10.07680   0.00115
  53753.197501000  10.07680   0.00069
  53728.497860000  10.07690   0.00148
  53733.414280000  10.07690   0.00129
  53732.375220000  10.07690   0.00087
  53727.245180000  10.07690   0.00065
  53732.186320000  10.07690   0.00066
  53753.190511000  10.07690   0.00068
  53753.178461000  10.07700   0.00080
  53733.448330000  10.07700   0.00148
  53753.193691000  10.07700   0.00069
  53753.201941000  10.07700   0.00069
  53737.319800000  10.07700   0.00091
  53737.326760000  10.07700   0.00097
  53732.172220000  10.07700   0.00078
  53727.252780000  10.07700   0.00070
  53753.217851000  10.07700   0.00067
  53732.377830000  10.07700   0.00093
  53733.462650000  10.07710   0.00176
  53742.246790000  10.07710   0.00115
  53732.213280000  10.07710   0.00073
  53742.227880000  10.07710   0.00070
  53727.247540000  10.07710   0.00072
  53732.379590000  10.07710   0.00090
  53728.472460000  10.07710   0.00149
  53727.240780000  10.07720   0.00067
  53753.205091000  10.07720   0.00067
  53753.144691000  10.07720   0.00070
  53753.210821000  10.07720   0.00066
  53732.353980000  10.07720   0.00122
  53733.445620000  10.07720   0.00148
  53733.410750000  10.07720   0.00108
  53732.153580000  10.07720   0.00083
  53728.463540000  10.07720   0.00120
  53728.482770000  10.07720   0.00148
  53737.285610000  10.07720   0.00058
  53742.141220000  10.07730   0.00089
  53732.155270000  10.07730   0.00083
  53732.219580000  10.07730   0.00086
  53742.230720000  10.07730   0.00093
  53742.233990000  10.07730   0.00092
  53753.191781000  10.07740   0.00069
  53753.217221000  10.07740   0.00068
  53753.193051000  10.07740   0.00069
  53737.325770000  10.07740   0.00094
  53732.169800000  10.07740   0.00080
  53732.198900000  10.07740   0.00065
  53732.196360000  10.07740   0.00065
  53733.403600000  10.07740   0.00133
  53727.238900000  10.07740   0.00067
  53728.475700000  10.07750   0.00159
  53742.259920000  10.07750   0.00130
  53742.251420000  10.07750   0.00114
  53753.218761000  10.07750   0.00083
  53732.217050000  10.07760   0.00075
  53732.384440000  10.07760   0.00098
  53753.179161000  10.07760   0.00080
  53753.189261000  10.07760   0.00068
  53727.243260000  10.07760   0.00064
  53737.342900000  10.07760   0.00080
  53753.191151000  10.07760   0.00068
  53732.170600000  10.07760   0.00080
  53732.173030000  10.07770   0.00079
  53753.184901000  10.07770   0.00068
  53728.484790000  10.07770   0.00148
  53732.160100000  10.07770   0.00080
  53732.160890000  10.07770   0.00081
  53742.220880000  10.07770   0.00071
  53737.349900000  10.07780   0.00092
  53753.186061000  10.07780   0.00067
  53727.273360000  10.07780   0.00055
  53728.489170000  10.07780   0.00131
  53753.188591000  10.07790   0.00068
  53737.327760000  10.07790   0.00097
  53727.251310000  10.07800   0.00068
  53737.322780000  10.07800   0.00076
  53742.249060000  10.07800   0.00116
  53731.141490000  10.07810   0.00099
  53737.337770000  10.07810   0.00100
  53737.320800000  10.07810   0.00087
  53732.378710000  10.07820   0.00089
  53727.231250000  10.07820   0.00067
  53727.226750000  10.07820   0.00068
  53742.261050000  10.07820   0.00124
  53742.264490000  10.07820   0.00117
  53732.173840000  10.07820   0.00079
  53733.395400000  10.07830   0.00088
  53742.257640000  10.07830   0.00119
  53732.195060000  10.07850   0.00066
  53753.175391000  10.07850   0.00069
  53737.333760000  10.07850   0.00083
  53727.241360000  10.07850   0.00067
  53727.252070000  10.07860   0.00070
  53728.477450000  10.07860   0.00146
  53733.390460000  10.07860   0.00076
  53732.216290000  10.07860   0.00078
  53753.195581000  10.07860   0.00069
  53742.263330000  10.07860   0.00115
  53753.206361000  10.07860   0.00066
  53726.207860000  10.07860   0.00059
  53726.205940000  10.07870   0.00064
  53727.232510000  10.07870   0.00067
  53742.256370000  10.07870   0.00119
  53732.193170000  10.07870   0.00066
  53731.143120000  10.07870   0.00172
  53732.171450000  10.07870   0.00079
  53732.383430000  10.07870   0.00095
  53753.200041000  10.07870   0.00068
  53732.376980000  10.07870   0.00090
  53737.324770000  10.07870   0.00094
  53737.332770000  10.07870   0.00093
  53732.189120000  10.07880   0.00072
  53732.388390000  10.07880   0.00098
  53737.323780000  10.07880   0.00084
  53732.195720000  10.07880   0.00065
  53732.168170000  10.07880   0.00082
  53753.189861000  10.07880   0.00068
  53732.169020000  10.07880   0.00081
  53732.161770000  10.07880   0.00080
  53732.227430000  10.07880   0.00088
  53753.199401000  10.07880   0.00068
  53753.171551000  10.07880   0.00068
  53753.172931000  10.07880   0.00070
  53727.249020000  10.07890   0.00070
  53753.185431000  10.07890   0.00068
  53733.391170000  10.07890   0.00079
  53726.206580000  10.07890   0.00062
  53727.226110000  10.07890   0.00068
  53742.255090000  10.07890   0.00120
  53753.182151000  10.07890   0.00079
  53732.185690000  10.07890   0.00066
  53753.176041000  10.07900   0.00070
  53733.382900000  10.07900   0.00076
  53732.156100000  10.07910   0.00083
  53731.150280000  10.07910   0.00142
  53726.208540000  10.07910   0.00056
  53727.238200000  10.07910   0.00067
  53737.302000000  10.07920   0.00053
  53733.457640000  10.07920   0.00150
  53733.394440000  10.07920   0.00089
  53726.211110000  10.07920   0.00063
  53728.470680000  10.07920   0.00151
  53727.249760000  10.07920   0.00065
  53726.213040000  10.07930   0.00056
  53733.417610000  10.07930   0.00151
  53726.211720000  10.07930   0.00061
  53727.224830000  10.07930   0.00067
  53753.177701000  10.07930   0.00080
  53733.444250000  10.07930   0.00141
  53733.384350000  10.07930   0.00073
  53753.194321000  10.07930   0.00069
  53737.321790000  10.07930   0.00082
  53726.204820000  10.07940   0.00065
  53731.145000000  10.07940   0.00159
  53753.192421000  10.07940   0.00069
  53726.210450000  10.07940   0.00056
  53753.187951000  10.07950   0.00069
  53727.228020000  10.07950   0.00068
  53753.174101000  10.07950   0.00070
  53728.474090000  10.07950   0.00146
  53732.191280000  10.07950   0.00066
  53727.241990000  10.07950   0.00067
  53731.140640000  10.07950   0.00099
  53726.220060000  10.07950   0.00063
  53727.250540000  10.07950   0.00062
  53731.158180000  10.07950   0.00143
  53733.419190000  10.07960   0.00139
  53732.392360000  10.07960   0.00086
  53733.391980000  10.07960   0.00079
  53727.224210000  10.07960   0.00068
  53727.248260000  10.07970   0.00072
  53753.172211000  10.07970   0.00067
  53728.460860000  10.07970   0.00142
  53727.240100000  10.07970   0.00067
  53727.227430000  10.07970   0.00067
  53728.456760000  10.07970   0.00122
  53733.387390000  10.07970   0.00074
  53733.385130000  10.07970   0.00072
  53726.217500000  10.07970   0.00062
  53731.161340000  10.07980   0.00157
  53753.177071000  10.07980   0.00080
  53732.184550000  10.07980   0.00066
  53727.228680000  10.07980   0.00067
  53726.209830000  10.07990   0.00058
  53737.345210000  10.08000   0.00078
  53732.167410000  10.08000   0.00081
  53733.393730000  10.08000   0.00089
  53733.389700000  10.08000   0.00076
  53732.398700000  10.08000   0.00077
  53727.222450000  10.08000   0.00066
  53732.385480000  10.08010   0.00099
  53732.412490000  10.08010   0.00078
  53726.213660000  10.08020   0.00061
  53732.152830000  10.08020   0.00082
  53732.148320000  10.08020   0.00086
  53742.258900000  10.08020   0.00132
  53732.193780000  10.08020   0.00066
  53732.393370000  10.08020   0.00093
  53733.404960000  10.08020   0.00101
  53732.386420000  10.08020   0.00107
  53727.235050000  10.08020   0.00068
  53732.389460000  10.08020   0.00104
  53733.364880000  10.08030   0.00090
  53733.397150000  10.08030   0.00094
  53726.219410000  10.08030   0.00062
  53737.361040000  10.08030   0.00067
  53726.214930000  10.08030   0.00064
  53726.216920000  10.08040   0.00065
  53728.444240000  10.08040   0.00140
  53726.216250000  10.08040   0.00063
  53727.234430000  10.08040   0.00067
  53727.222930000  10.08040   0.00067
  53728.487830000  10.08040   0.00139
  53726.218780000  10.08050   0.00064
  53737.342130000  10.08060   0.00080
  53753.173481000  10.08070   0.00070
  53732.394350000  10.08070   0.00092
  53726.214300000  10.08070   0.00065
  53732.158490000  10.08070   0.00081
  53753.161871000  10.08070   0.00089
  53728.458290000  10.08080   0.00118
  53737.329740000  10.08080   0.00099
  53733.383660000  10.08080   0.00075
  53753.162621000  10.08080   0.00091
  53733.366570000  10.08080   0.00091
  53726.212410000  10.08090   0.00055
  53733.415910000  10.08090   0.00147
  53726.218170000  10.08100   0.00064
  53737.351910000  10.08100   0.00086
  53737.339050000  10.08100   0.00070
  53733.380610000  10.08110   0.00076
  53727.239460000  10.08110   0.00068
  53733.386660000  10.08110   0.00073
  53726.228140000  10.08110   0.00067
  53726.220720000  10.08120   0.00065
  53742.262190000  10.08120   0.00128
  53728.442730000  10.08120   0.00126
  53737.343670000  10.08120   0.00079
  53753.179901000  10.08130   0.00080
  53731.147290000  10.08130   0.00140
  53732.152110000  10.08130   0.00083
  53732.150040000  10.08140   0.00086
  53733.378390000  10.08140   0.00078
  53728.455490000  10.08140   0.00120
  53732.395400000  10.08140   0.00093
  53753.156051000  10.08140   0.00113
  53727.211730000  10.08140   0.00067
  53737.364670000  10.08140   0.00097
  53733.373670000  10.08150   0.00085
  53727.207900000  10.08150   0.00064
  53726.207220000  10.08150   0.00057
  53733.407630000  10.08160   0.00091
  53733.382080000  10.08160   0.00077
  53733.396260000  10.08170   0.00089
  53728.467580000  10.08170   0.00129
  53732.410990000  10.08170   0.00078
  53732.411730000  10.08170   0.00078
  53728.445580000  10.08170   0.00140
  53731.167660000  10.08170   0.00171
  53733.381340000  10.08170   0.00078
  53753.151761000  10.08170   0.00121
  53726.221980000  10.08180   0.00062
  53732.143080000  10.08180   0.00087
  53733.375350000  10.08180   0.00076
  53726.227370000  10.08180   0.00066
  53731.153490000  10.08190   0.00146
  53733.388190000  10.08190   0.00075
  53731.152060000  10.08190   0.00146
  53732.403170000  10.08190   0.00078
  53732.391480000  10.08190   0.00092
  53732.159300000  10.08190   0.00081
  53731.155040000  10.08200   0.00156
  53732.149170000  10.08200   0.00085
  53733.379110000  10.08200   0.00077
  53726.223300000  10.08200   0.00061
  53732.400100000  10.08210   0.00080
  53732.399320000  10.08210   0.00077
  53737.354940000  10.08210   0.00073
  53737.350900000  10.08210   0.00091
  53731.159780000  10.08220   0.00144
  53733.388890000  10.08220   0.00076
  53727.214840000  10.08220   0.00066
  53726.237490000  10.08230   0.00076
  53732.164960000  10.08240   0.00084
  53732.165800000  10.08240   0.00084
  53727.205680000  10.08240   0.00072
  53728.454190000  10.08240   0.00114
  53732.190580000  10.08240   0.00066
  53726.225860000  10.08240   0.00059
  53732.407080000  10.08250   0.00101
  53733.377660000  10.08250   0.00078
  53753.152711000  10.08250   0.00110
  53744.462991000  10.08260   0.00117
  53731.148730000  10.08260   0.00149
  53732.400880000  10.08260   0.00079
  53737.348910000  10.08270   0.00091
  53732.157690000  10.08270   0.00084
  53726.226760000  10.08270   0.00066
  53732.401670000  10.08280   0.00080
  53737.355940000  10.08280   0.00088
  53753.164381000  10.08280   0.00089
  53753.163441000  10.08280   0.00092
  53727.209780000  10.08280   0.00066
  53728.466320000  10.08280   0.00129
  53728.433870000  10.08290   0.00124
  53733.379830000  10.08290   0.00078
  53726.224580000  10.08300   0.00061
  53737.340590000  10.08300   0.00079
  53753.146991000  10.08300   0.00101
  53732.415190000  10.08300   0.00087
  53733.365710000  10.08300   0.00097
  53733.357000000  10.08310   0.00090
  53737.341360000  10.08310   0.00082
  53733.374690000  10.08310   0.00077
  53732.426570000  10.08320   0.00078
  53726.215640000  10.08320   0.00065
  53753.157121000  10.08330   0.00111
  53727.206740000  10.08330   0.00063
  53732.138720000  10.08330   0.00088
  53732.431190000  10.08330   0.00081
  53737.353940000  10.08330   0.00081
  53733.376870000  10.08340   0.00076
  53726.233430000  10.08340   0.00072
  53737.356950000  10.08340   0.00098
  53726.221340000  10.08340   0.00063
  53732.406130000  10.08340   0.00097
  53753.147711000  10.08340   0.00099
  53728.439790000  10.08350   0.00127
  53732.416920000  10.08350   0.00089
  53737.344440000  10.08350   0.00080
  53737.352910000  10.08360   0.00075
  53731.162950000  10.08360   0.00151
  53737.330740000  10.08360   0.00098
  53726.229670000  10.08360   0.00069
  53732.417860000  10.08360   0.00089
  53728.438460000  10.08360   0.00138
  53732.150940000  10.08370   0.00085
  53726.225230000  10.08370   0.00059
  53753.143451000  10.08370   0.00067
  53731.169240000  10.08370   0.00143
  53733.398350000  10.08380   0.00121
  53731.174640000  10.08380   0.00140
  53727.214210000  10.08380   0.00066
  53737.339820000  10.08380   0.00076
  53726.232710000  10.08390   0.00075
  53726.235740000  10.08390   0.00070
  53737.359040000  10.08390   0.00093
  53732.416070000  10.08390   0.00088
  53728.462320000  10.08390   0.00134
  53731.156630000  10.08400   0.00153
  53732.143950000  10.08400   0.00088
  53737.346740000  10.08400   0.00080
  53731.170760000  10.08400   0.00151
  53728.441340000  10.08400   0.00126
  53727.153480000  10.08400   0.00083
  53727.215480000  10.08400   0.00066
  53726.231160000  10.08410   0.00071
  53728.428070000  10.08410   0.00151
  53726.241440000  10.08410   0.00068
  53726.223980000  10.08410   0.00060
  53753.129361000  10.08410   0.00066
  53753.148891000  10.08410   0.00124
  53733.367480000  10.08420   0.00087
  53732.132610000  10.08420   0.00086
  53726.234960000  10.08420   0.00070
  53732.145730000  10.08420   0.00087
  53737.345980000  10.08420   0.00082
  53732.428940000  10.08420   0.00081
  53737.370070000  10.08430   0.00112
  53726.222630000  10.08430   0.00061
  53727.212320000  10.08430   0.00066
  53731.164500000  10.08430   0.00154
  53731.172290000  10.08430   0.00154
  53732.125180000  10.08440   0.00093
  53728.431000000  10.08440   0.00142
  53727.195190000  10.08440   0.00075
  53733.355410000  10.08440   0.00087
  53753.153801000  10.08440   0.00118
  53728.432420000  10.08440   0.00135
  53732.404230000  10.08450   0.00099
  53732.136100000  10.08450   0.00084
  53732.428130000  10.08450   0.00080
  53726.228880000  10.08450   0.00067
  53737.366020000  10.08450   0.00107
  53732.432790000  10.08460   0.00080
  53728.436810000  10.08460   0.00130
  53726.230390000  10.08470   0.00072
  53727.174280000  10.08470   0.00082
  53727.182370000  10.08470   0.00086
  53732.402430000  10.08470   0.00080
  53728.468980000  10.08470   0.00123
  53753.132591000  10.08470   0.00067
  53732.142250000  10.08480   0.00087
  53753.145961000  10.08480   0.00078
  53732.425950000  10.08480   0.00079
  53727.210460000  10.08480   0.00067
  53753.134341000  10.08480   0.00078
  53726.239770000  10.08480   0.00068
  53732.144820000  10.08480   0.00088
  53732.136970000  10.08490   0.00087
  53728.423350000  10.08490   0.00139
  53728.425320000  10.08490   0.00130
  53726.242200000  10.08490   0.00064
  53731.175940000  10.08500   0.00139
  53731.177430000  10.08500   0.00140
  53753.131281000  10.08500   0.00067
  53737.347510000  10.08500   0.00076
  53732.133540000  10.08500   0.00090
  53726.234180000  10.08500   0.00070
  53732.429730000  10.08500   0.00077
  53731.178910000  10.08510   0.00138
  53732.141390000  10.08510   0.00087
  53733.376040000  10.08510   0.00081
  53732.128220000  10.08510   0.00085
  53727.211060000  10.08520   0.00066
  53732.134420000  10.08520   0.00090
  53726.238220000  10.08520   0.00074
  53732.140530000  10.08520   0.00087
  53737.362040000  10.08520   0.00096
  53726.243020000  10.08520   0.00058
  53731.182240000  10.08530   0.00117
  53726.231890000  10.08530   0.00070
  53726.236470000  10.08530   0.00071
  53732.163340000  10.08540   0.00084
  53733.369540000  10.08540   0.00098
  53728.415080000  10.08550   0.00169
  53727.144630000  10.08550   0.00081
  53732.127500000  10.08550   0.00086
  53732.410370000  10.08550   0.00078
  53731.192930000  10.08550   0.00124
  53727.166520000  10.08550   0.00082
  53728.435350000  10.08550   0.00142
  53753.131941000  10.08560   0.00068
  53733.370440000  10.08560   0.00100
  53731.207680000  10.08560   0.00130
  53737.357950000  10.08570   0.00090
  53727.208520000  10.08570   0.00065
  53727.212950000  10.08570   0.00066
  53753.150091000  10.08570   0.00134
  53727.176060000  10.08570   0.00083
  53727.207220000  10.08570   0.00063
  53726.240580000  10.08580   0.00069
  53732.154400000  10.08580   0.00084
  53744.459431000  10.08580   0.00111
  53732.129970000  10.08580   0.00086
  53744.435900000  10.08580   0.00094
  53726.247430000  10.08580   0.00077
  53727.209150000  10.08580   0.00065
  53727.196680000  10.08590   0.00073
  53744.451651000  10.08590   0.00092
  53737.363310000  10.08590   0.00112
  53732.130910000  10.08590   0.00087
  53728.447160000  10.08590   0.00135
  53727.185160000  10.08590   0.00087
  53753.128751000  10.08590   0.00055
  53731.188940000  10.08600   0.00125
  53728.416830000  10.08600   0.00169
  53726.249130000  10.08600   0.00082
  53727.187130000  10.08600   0.00087
  53731.183560000  10.08610   0.00119
  53732.137870000  10.08610   0.00086
  53728.420270000  10.08610   0.00148
  53727.194510000  10.08610   0.00074
  53733.359630000  10.08610   0.00087
  53732.124340000  10.08620   0.00093
  53727.180360000  10.08620   0.00080
  53726.248200000  10.08620   0.00081
  53726.238970000  10.08620   0.00071
  53728.426690000  10.08630   0.00128
  53753.129991000  10.08630   0.00064
  53744.436950000  10.08630   0.00091
  53727.186200000  10.08640   0.00088
  53727.175130000  10.08640   0.00082
  53726.244890000  10.08640   0.00074
  53733.354340000  10.08650   0.00075
  53727.184200000  10.08650   0.00086
  53728.421860000  10.08650   0.00135
  53731.187640000  10.08650   0.00117
  53744.455851000  10.08660   0.00106
  53753.128071000  10.08670   0.00065
  53728.413280000  10.08670   0.00174
  53737.375480000  10.08670   0.00093
  53744.449741000  10.08670   0.00089
  53737.360040000  10.08680   0.00072
  53733.349510000  10.08680   0.00072
  53731.184880000  10.08680   0.00124
  53753.145331000  10.08680   0.00070
  53727.177790000  10.08680   0.00081
  53727.178630000  10.08680   0.00080
  53733.361340000  10.08680   0.00090
  53727.173460000  10.08690   0.00080
  53727.169980000  10.08690   0.00077
  53733.358720000  10.08700   0.00087
  53727.169070000  10.08700   0.00076
  53733.350190000  10.08700   0.00073
  53731.202310000  10.08710   0.00131
  53737.379550000  10.08710   0.00097
  53727.198140000  10.08720   0.00073
  53732.446950000  10.08720   0.00077
  53727.195950000  10.08720   0.00074
  53733.363960000  10.08720   0.00089
  53733.351610000  10.08720   0.00072
  53733.356140000  10.08720   0.00087
  53732.436380000  10.08730   0.00099
  53744.454641000  10.08730   0.00091
  53731.190290000  10.08740   0.00128
  53737.380900000  10.08740   0.00119
  53732.131730000  10.08740   0.00086
  53744.456911000  10.08740   0.00106
  53727.183210000  10.08750   0.00085
  53726.262670000  10.08750   0.00076
  53732.435340000  10.08750   0.00098
  53737.383620000  10.08750   0.00107
  53727.197470000  10.08750   0.00073
  53732.448380000  10.08750   0.00080
  53742.334200000  10.08760   0.00135
  53733.352260000  10.08760   0.00076
  53731.203650000  10.08760   0.00128
  53733.347430000  10.08760   0.00072
  53727.163860000  10.08760   0.00081
  53744.464581000  10.08770   0.00127
  53732.437340000  10.08770   0.00101
  53733.362220000  10.08770   0.00094
  53732.433480000  10.08770   0.00080
  53737.367370000  10.08780   0.00077
  53737.374120000  10.08780   0.00092
  53733.333160000  10.08780   0.00081
  53733.345370000  10.08780   0.00072
  53726.261930000  10.08790   0.00077
  53744.442821000  10.08790   0.00087
  53733.346740000  10.08800   0.00072
  53731.196920000  10.08800   0.00122
  53732.454420000  10.08810   0.00087
  53728.409750000  10.08810   0.00189
  53733.321590000  10.08820   0.00067
  53737.372770000  10.08830   0.00114
  53727.179520000  10.08830   0.00080
  53737.390410000  10.08830   0.00092
  53733.338380000  10.08840   0.00087
  53731.181020000  10.08840   0.00124
  53744.422630000  10.08840   0.00073
  53732.465960000  10.08840   0.00084
  53732.139590000  10.08840   0.00087
  53732.451740000  10.08840   0.00087
  53744.440801000  10.08850   0.00089
  53733.340990000  10.08860   0.00086
  53731.199600000  10.08870   0.00116
  53727.164730000  10.08880   0.00082
  53731.198220000  10.08880   0.00121
  53728.407770000  10.08890   0.00173
  53727.168200000  10.08890   0.00079
  53731.191570000  10.08900   0.00130
  53744.461841000  10.08900   0.00116
  53727.162120000  10.08900   0.00082
  53737.368720000  10.08910   0.00095
  53731.194230000  10.08920   0.00120
  53738.279610000  10.08920   0.00114
  53732.445770000  10.08920   0.00095
  53728.429630000  10.08920   0.00137
  53732.463230000  10.08930   0.00085
  53744.453611000  10.08930   0.00090
  53733.335810000  10.08930   0.00089
  53732.452630000  10.08930   0.00091
  53728.402390000  10.08930   0.00189
  53727.176880000  10.08940   0.00084
  53737.384970000  10.08950   0.00098
  53732.447560000  10.08960   0.00078
  53733.332410000  10.08960   0.00084
  53737.391770000  10.08970   0.00093
  53731.215170000  10.08970   0.00142
  53733.322580000  10.08970   0.00079
  53742.353080000  10.08970   0.00119
  53731.200930000  10.08970   0.00126
  53727.161320000  10.08980   0.00081
  53737.397210000  10.08980   0.00091
  53726.261330000  10.08990   0.00075
  53732.470440000  10.08990   0.00075
  53728.389770000  10.08990   0.00108
  53731.186230000  10.09000   0.00126
  53733.348130000  10.09000   0.00072
  53732.458800000  10.09000   0.00084
  53732.126160000  10.09010   0.00095
  53727.149420000  10.09010   0.00068
  53744.452691000  10.09020   0.00088
  53727.142880000  10.09030   0.00081
  53727.151780000  10.09040   0.00073
  53738.272040000  10.09050   0.00129
  53731.206330000  10.09050   0.00134
  53738.273710000  10.09060   0.00141
  53742.355370000  10.09060   0.00120
  53733.320890000  10.09060   0.00067
  53731.216480000  10.09060   0.00136
  53728.388880000  10.09060   0.00119
  53738.280740000  10.09070   0.00102
  53726.279820000  10.09070   0.00065
  53727.171660000  10.09070   0.00081
  53744.445771000  10.09070   0.00088
  53727.141970000  10.09080   0.00079
  53733.344820000  10.09080   0.00072
  53738.281900000  10.09090   0.00098
  53732.468150000  10.09100   0.00077
  53733.320420000  10.09100   0.00065
  53731.205000000  10.09110   0.00131
  53732.449110000  10.09110   0.00079
  53732.453520000  10.09110   0.00090
  53744.448831000  10.09120   0.00087
  53733.331690000  10.09120   0.00080
  53731.195630000  10.09120   0.00121
  53744.467111000  10.09120   0.00131
  53738.293300000  10.09130   0.00096
  53742.350820000  10.09130   0.00112
  53737.421830000  10.09140   0.00132
  53727.157770000  10.09140   0.00082
  53744.428620000  10.09140   0.00072
  53726.282980000  10.09140   0.00065
  53732.456230000  10.09140   0.00086
  53733.334930000  10.09140   0.00092
  53732.431950000  10.09150   0.00081
  53727.181240000  10.09150   0.00079
  53731.218030000  10.09150   0.00104
  53744.444741000  10.09150   0.00086
  53726.288030000  10.09160   0.00065
  53726.296220000  10.09160   0.00064
  53744.465831000  10.09160   0.00120
  53732.471190000  10.09160   0.00079
  53726.294980000  10.09160   0.00063
  53744.433160000  10.09160   0.00072
  53727.158700000  10.09180   0.00081
  53728.391090000  10.09180   0.00164
  53726.291840000  10.09180   0.00064
  53727.170820000  10.09180   0.00080
  53726.282380000  10.09190   0.00065
  53727.167310000  10.09190   0.00082
  53737.416300000  10.09200   0.00118
  53728.385500000  10.09210   0.00091
  53727.162970000  10.09210   0.00081
  53744.441811000  10.09220   0.00087
  53727.150170000  10.09220   0.00069
  53737.389040000  10.09220   0.00079
  53728.392650000  10.09220   0.00159
  53733.323180000  10.09220   0.00081
  53733.319330000  10.09220   0.00070
  53744.427860000  10.09220   0.00072
  53744.446751000  10.09230   0.00088
  53732.450140000  10.09230   0.00091
  53742.358790000  10.09230   0.00113
  53744.439851000  10.09240   0.00090
  53726.278560000  10.09240   0.00067
  53726.290570000  10.09240   0.00065
  53732.467340000  10.09240   0.00076
  53744.433930000  10.09250   0.00072
  53727.146400000  10.09250   0.00070
  53737.414930000  10.09250   0.00127
  53727.152720000  10.09260   0.00082
  53744.432440000  10.09260   0.00071
  53733.307980000  10.09260   0.00085
  53726.293710000  10.09260   0.00061
  53738.263250000  10.09260   0.00115
  53737.408140000  10.09270   0.00117
  53742.361080000  10.09270   0.00115
  53744.435050000  10.09290   0.00088
  53728.386360000  10.09290   0.00086
  53728.384770000  10.09290   0.00085
  53726.291190000  10.09290   0.00065
  53737.425750000  10.09290   0.00144
  53732.459690000  10.09290   0.00086
  53727.156910000  10.09290   0.00082
  53742.356510000  10.09300   0.00114
  53726.294370000  10.09300   0.00060
  53742.351970000  10.09300   0.00116
  53726.293080000  10.09310   0.00062
  53733.312440000  10.09310   0.00072
  53726.296880000  10.09320   0.00063
  53726.288660000  10.09320   0.00065
  53744.413840000  10.09320   0.00075
  53732.427390000  10.09320   0.00079
  53726.300620000  10.09320   0.00062
  53732.466590000  10.09330   0.00076
  53737.417650000  10.09330   0.00128
  53728.387450000  10.09340   0.00130
  53726.297580000  10.09340   0.00064
  53727.159500000  10.09340   0.00080
  53727.155230000  10.09340   0.00081
  53737.394490000  10.09360   0.00100
  53726.295640000  10.09360   0.00062
  53742.349640000  10.09360   0.00113
  53727.147900000  10.09370   0.00067
  53737.406790000  10.09370   0.00132
  53741.101730000  10.09380   0.00191
  53733.311070000  10.09380   0.00071
  53733.323950000  10.09380   0.00079
  53727.160460000  10.09390   0.00082
  53744.450811000  10.09390   0.00092
  53732.438400000  10.09390   0.00103
  53731.229020000  10.09390   0.00149
  53742.348500000  10.09400   0.00112
  53727.143730000  10.09400   0.00080
  53744.430290000  10.09410   0.00072
  53733.309160000  10.09420   0.00069
  53727.154380000  10.09430   0.00083
  53744.458121000  10.09430   0.00116
  53742.354270000  10.09440   0.00117
  53733.313140000  10.09450   0.00071
  53726.289910000  10.09460   0.00065
  53727.137610000  10.09460   0.00076
  53744.420380000  10.09470   0.00072
  53733.330920000  10.09470   0.00081
  53727.136860000  10.09470   0.00080
  53726.299110000  10.09480   0.00063
  53732.469710000  10.09480   0.00076
  53744.426370000  10.09480   0.00073
  53737.424040000  10.09490   0.00161
  53726.303350000  10.09490   0.00064
  53731.233550000  10.09490   0.00174
  53737.405410000  10.09500   0.00096
  53726.292470000  10.09500   0.00064
  53727.145790000  10.09500   0.00071
  53737.419120000  10.09510   0.00111
  53737.410860000  10.09510   0.00140
  53733.313860000  10.09510   0.00071
  53732.450880000  10.09510   0.00087
  53742.357650000  10.09520   0.00112
  53733.310410000  10.09520   0.00068
  53733.309700000  10.09520   0.00073
  53732.471970000  10.09530   0.00075
  53726.289290000  10.09530   0.00065
  53727.134960000  10.09530   0.00078
  53727.150980000  10.09530   0.00075
  53738.247120000  10.09540   0.00117
  53726.303980000  10.09540   0.00063
  53742.362290000  10.09550   0.00114
  53726.302150000  10.09550   0.00063
  53726.298360000  10.09560   0.00063
  53744.425620000  10.09560   0.00073
  53742.365980000  10.09570   0.00102
  53731.253360000  10.09570   0.00118
  53727.135900000  10.09570   0.00078
  53738.251440000  10.09570   0.00142
  53744.447721000  10.09570   0.00090
  53733.298150000  10.09580   0.00072
  53732.455290000  10.09580   0.00091
  53738.254850000  10.09580   0.00086
  53726.308400000  10.09590   0.00065
  53728.361580000  10.09590   0.00077
  53754.299121000  10.09590   0.00087
  53738.253120000  10.09600   0.00114
  53744.431650000  10.09600   0.00075
  53742.364530000  10.09600   0.00116
  53733.296770000  10.09600   0.00072
  53726.299860000  10.09600   0.00063
  53726.304620000  10.09610   0.00065
  53744.415290000  10.09620   0.00073
  53738.245750000  10.09630   0.00126
  53732.468880000  10.09630   0.00075
  53727.147140000  10.09630   0.00069
  53726.302880000  10.09640   0.00064
  53728.360980000  10.09640   0.00077
  53742.372690000  10.09650   0.00106
  53744.424840000  10.09650   0.00074
  53744.408550000  10.09650   0.00076
  53744.418950000  10.09650   0.00074
  53733.298880000  10.09660   0.00072
  53742.367790000  10.09660   0.00099
  53726.305250000  10.09670   0.00066
  53727.134240000  10.09670   0.00079
  53737.436000000  10.09670   0.00146
  53744.423370000  10.09680   0.00073
  53742.363430000  10.09680   0.00115
  53738.249820000  10.09680   0.00114
  53744.429420000  10.09690   0.00075
  53726.309630000  10.09700   0.00066
  53744.419660000  10.09710   0.00073
  53737.430870000  10.09730   0.00121
  53727.156090000  10.09730   0.00082
  53737.413570000  10.09730   0.00125
  53733.303630000  10.09740   0.00074
  53744.427100000  10.09740   0.00072
  53754.302621000  10.09750   0.00087
  53728.360060000  10.09750   0.00067
  53744.460641000  10.09750   0.00117
  53726.310880000  10.09750   0.00066
  53726.311490000  10.09760   0.00065
  53728.358110000  10.09760   0.00065
  53754.300871000  10.09760   0.00085
  53726.301380000  10.09760   0.00062
  53733.296110000  10.09770   0.00073
  53754.295621000  10.09770   0.00080
  53737.420480000  10.09770   0.00108
  53737.412210000  10.09780   0.00125
  53742.368820000  10.09780   0.00100
  53728.356850000  10.09790   0.00066
  53742.366840000  10.09790   0.00105
  53744.468541000  10.09790   0.00132
  53726.307770000  10.09790   0.00065
  53744.411510000  10.09800   0.00076
  53728.363060000  10.09800   0.00076
  53742.370700000  10.09810   0.00103
  53737.437710000  10.09810   0.00155
  53733.294740000  10.09810   0.00070
  53731.258700000  10.09820   0.00133
  53728.359380000  10.09820   0.00066
  53744.430940000  10.09820   0.00071
  53742.371710000  10.09820   0.00103
  53728.350480000  10.09820   0.00067
  53738.243070000  10.09820   0.00119
  53744.421210000  10.09830   0.00075
  53738.224410000  10.09830   0.00121
  53744.407000000  10.09830   0.00078
  53754.291231000  10.09840   0.00074
  53726.312140000  10.09840   0.00066
  53726.314660000  10.09840   0.00063
  53742.391310000  10.09840   0.00101
  53744.410050000  10.09840   0.00078
  53726.310260000  10.09840   0.00065
  53733.302970000  10.09850   0.00080
  53726.316570000  10.09850   0.00065
  53742.373650000  10.09850   0.00106
  53726.312750000  10.09850   0.00065
  53742.359970000  10.09850   0.00113
  53738.248450000  10.09860   0.00123
  53742.376570000  10.09860   0.00102
  53726.309000000  10.09860   0.00065
  53728.353620000  10.09860   0.00065
  53726.306520000  10.09860   0.00065
  53754.298251000  10.09870   0.00083
  53744.424090000  10.09880   0.00073
  53742.379470000  10.09880   0.00105
  53742.380490000  10.09890   0.00105
  53726.313990000  10.09900   0.00064
  53738.244420000  10.09900   0.00121
  53754.296501000  10.09900   0.00079
  53731.259880000  10.09900   0.00132
  53742.397190000  10.09910   0.00100
  53731.261250000  10.09910   0.00131
  53728.356180000  10.09910   0.00065
  53754.300001000  10.09910   0.00085
  53742.387370000  10.09910   0.00101
  53728.358810000  10.09910   0.00065
  53737.449360000  10.09920   0.00171
  53737.451070000  10.09920   0.00164
  53742.382460000  10.09920   0.00104
  53733.294200000  10.09920   0.00071
  53738.241730000  10.09920   0.00132
  53754.293871000  10.09920   0.00080
  53754.301741000  10.09920   0.00082
  53733.301570000  10.09920   0.00073
  53728.355560000  10.09930   0.00066
  53727.148660000  10.09930   0.00069
  53728.353030000  10.09930   0.00064
  53742.386390000  10.09930   0.00105
  53728.357470000  10.09940   0.00065
  53733.297530000  10.09940   0.00072
  53726.315270000  10.09940   0.00063
  53744.412340000  10.09950   0.00074
  53742.377580000  10.09950   0.00103
  53742.394230000  10.09950   0.00101
  53742.369760000  10.09960   0.00103
  53738.233590000  10.09970   0.00124
  53731.262540000  10.09970   0.00140
  53737.463060000  10.09970   0.00163
  53726.315940000  10.09980   0.00064
  53737.459640000  10.09980   0.00160
  53742.375610000  10.09980   0.00104
  53731.256730000  10.09990   0.00156
  53737.454490000  10.09990   0.00152
  53733.295410000  10.09990   0.00070
  53731.255040000  10.09990   0.00154
  53754.297371000  10.10000   0.00082
  53728.354910000  10.10000   0.00066
  53728.349860000  10.10010   0.00068
  53728.349250000  10.10010   0.00067
  53742.374660000  10.10010   0.00106
  53744.416110000  10.10020   0.00075
  53733.302260000  10.10020   0.00075
  53737.452780000  10.10020   0.00148
  53744.413090000  10.10020   0.00074
  53726.329140000  10.10030   0.00079
  53726.328390000  10.10040   0.00080
  53754.290371000  10.10040   0.00082
  53754.294751000  10.10040   0.00077
  53742.395300000  10.10040   0.00101
  53731.263890000  10.10040   0.00134
  53754.287751000  10.10040   0.00080
  53738.210930000  10.10050   0.00125
  53742.378560000  10.10050   0.00102
  53728.351140000  10.10050   0.00066
  53754.286001000  10.10050   0.00083
  53737.439420000  10.10060   0.00166
  53728.352410000  10.10070   0.00065
  53728.354280000  10.10070   0.00065
  53728.347400000  10.10070   0.00066
  53742.381470000  10.10080   0.00105
  53737.432580000  10.10080   0.00139
  53738.225750000  10.10090   0.00126
  53754.293001000  10.10090   0.00080
  53754.289491000  10.10120   0.00079
  53728.332640000  10.10120   0.00064
  53742.396220000  10.10120   0.00100
  53742.383410000  10.10120   0.00110
  53726.323950000  10.10130   0.00079
  53744.406270000  10.10140   0.00077
  53726.324690000  10.10140   0.00079
  53744.402480000  10.10140   0.00075
  53742.384360000  10.10140   0.00101
  53744.405520000  10.10140   0.00078
  53742.388330000  10.10140   0.00102
  53738.221720000  10.10150   0.00131
  53726.332850000  10.10160   0.00080
  53733.300900000  10.10160   0.00075
  53744.403240000  10.10160   0.00077
  53744.400350000  10.10160   0.00078
  53754.284251000  10.10170   0.00084
  53728.339760000  10.10180   0.00074
  53728.336320000  10.10180   0.00063
  53742.385450000  10.10180   0.00103
  53728.337590000  10.10190   0.00065
  53754.279011000  10.10190   0.00083
  53737.442840000  10.10190   0.00151
  53726.325430000  10.10200   0.00079
  53728.351740000  10.10200   0.00066
  53742.402320000  10.10210   0.00085
  53737.461350000  10.10210   0.00174
  53738.223060000  10.10210   0.00136
  53754.286871000  10.10220   0.00082
  53726.334330000  10.10220   0.00079
  53754.285121000  10.10220   0.00082
  53754.279871000  10.10220   0.00087
  53738.230200000  10.10240   0.00104
  53728.348630000  10.10240   0.00067
  53728.346850000  10.10250   0.00066
  53754.292121000  10.10250   0.00072
  53742.389470000  10.10260   0.00104
  53754.283371000  10.10260   0.00084
  53744.414640000  10.10260   0.00081
  53726.329880000  10.10270   0.00079
  53728.335660000  10.10280   0.00063
  53733.300220000  10.10280   0.00072
  53728.348000000  10.10280   0.00067
  53733.274900000  10.10290   0.00076
  53726.336570000  10.10290   0.00079
  53754.288621000  10.10290   0.00081
  53726.326170000  10.10290   0.00079
  53726.333580000  10.10290   0.00080
  53728.341310000  10.10300   0.00076
  53726.332120000  10.10300   0.00080
  53726.326900000  10.10300   0.00079
  53737.447660000  10.10310   0.00158
  53726.330620000  10.10310   0.00080
  53733.299540000  10.10310   0.00073
  53728.333770000  10.10320   0.00064
  53754.282491000  10.10330   0.00082
  53742.401070000  10.10330   0.00097
  53728.334390000  10.10330   0.00064
  53728.336930000  10.10340   0.00064
  53742.390300000  10.10350   0.00101
  53726.335820000  10.10350   0.00080
  53728.333110000  10.10350   0.00063
  53738.227080000  10.10360   0.00101
  53733.268720000  10.10370   0.00073
  53738.220360000  10.10370   0.00133
  53742.399180000  10.10390   0.00099
  53738.228410000  10.10390   0.00118
  53731.282390000  10.10400   0.00119
  53742.398210000  10.10400   0.00100
  53744.384130000  10.10400   0.00090
  53742.400150000  10.10400   0.00098
  53754.281631000  10.10400   0.00087
  53728.338210000  10.10410   0.00066
  53733.275590000  10.10410   0.00076
  53744.391890000  10.10410   0.00086
  53742.412330000  10.10420   0.00101
  53726.335070000  10.10420   0.00079
  53744.388410000  10.10420   0.00087
  53726.337300000  10.10420   0.00079
  53733.263560000  10.10420   0.00087
  53738.219010000  10.10430   0.00129
  53726.338040000  10.10430   0.00079
  53728.335040000  10.10430   0.00063
  53733.272160000  10.10440   0.00073
  53726.346180000  10.10450   0.00079
  53726.342480000  10.10460   0.00080
  53738.231910000  10.10460   0.00087
  53728.329890000  10.10470   0.00074
  53742.403860000  10.10470   0.00098
  53733.271470000  10.10480   0.00072
  53733.268170000  10.10480   0.00072
  53726.331370000  10.10480   0.00080
  53726.323360000  10.10490   0.00079
  53738.204220000  10.10490   0.00116
  53738.209570000  10.10500   0.00114
  53726.340250000  10.10500   0.00079
  53726.340990000  10.10500   0.00079
  53728.325890000  10.10510   0.00059
  53744.392790000  10.10520   0.00091
  53733.270790000  10.10520   0.00075
  53728.320780000  10.10520   0.00073
  53742.411140000  10.10530   0.00088
  53733.270110000  10.10530   0.00076
  53728.327680000  10.10530   0.00075
  53733.273540000  10.10540   0.00076
  53742.393310000  10.10540   0.00101
  53733.260980000  10.10540   0.00091
  53744.391060000  10.10550   0.00087
  53744.390160000  10.10560   0.00087
  53737.441140000  10.10560   0.00152
  53754.269751000  10.10560   0.00100
  53733.274220000  10.10560   0.00076
  53733.269410000  10.10560   0.00073
  53737.464770000  10.10570   0.00156
  53726.339520000  10.10570   0.00079
  53728.325250000  10.10570   0.00058
  53742.406300000  10.10570   0.00091
  53738.217670000  10.10580   0.00098
  53742.404680000  10.10580   0.00091
  53742.424020000  10.10580   0.00103
  53744.389310000  10.10590   0.00091
  53731.284430000  10.10590   0.00117
  53742.403070000  10.10600   0.00090
  53728.327020000  10.10600   0.00075
  53726.345470000  10.10610   0.00080
  53733.261850000  10.10610   0.00088
  53726.349150000  10.10610   0.00080
  53742.405440000  10.10610   0.00088
  53738.208230000  10.10630   0.00107
  53731.285510000  10.10630   0.00123
  53742.421060000  10.10630   0.00110
  53738.205560000  10.10640   0.00114
  53754.264811000  10.10640   0.00098
  53737.456210000  10.10650   0.00157
  53733.262710000  10.10660   0.00088
  53754.267261000  10.10660   0.00092
  53744.386670000  10.10660   0.00088
  53728.321560000  10.10660   0.00073
  53742.414190000  10.10670   0.00103
  53726.343220000  10.10670   0.00080
  53726.348420000  10.10680   0.00080
  53742.407890000  10.10680   0.00088
  53733.259250000  10.10690   0.00094
  53726.341740000  10.10700   0.00080
  53728.323790000  10.10700   0.00070
  53738.206890000  10.10700   0.00091
  53726.343960000  10.10700   0.00080
  53742.410360000  10.10700   0.00090
  53726.347670000  10.10700   0.00079
  53726.349890000  10.10700   0.00079
  53733.272840000  10.10700   0.00076
  53754.266031000  10.10700   0.00093
  53744.383240000  10.10700   0.00090
  53744.381450000  10.10710   0.00090
  53738.212270000  10.10720   0.00101
  53726.346930000  10.10730   0.00080
  53728.324770000  10.10730   0.00059
  53754.263231000  10.10750   0.00102
  53731.283300000  10.10760   0.00117
  53742.415200000  10.10770   0.00106
  53728.323020000  10.10780   0.00072
  53726.344710000  10.10780   0.00080
  53754.254371000  10.10790   0.00079
  53733.252850000  10.10790   0.00065
  53744.380730000  10.10790   0.00092
  53728.319430000  10.10800   0.00073
  53744.384990000  10.10800   0.00092
  53733.257680000  10.10800   0.00088
  53726.350630000  10.10810   0.00079
  53728.320030000  10.10810   0.00074
  53728.318340000  10.10820   0.00084
  53742.443760000  10.10830   0.00128
  53726.355090000  10.10840   0.00081
  53742.416180000  10.10840   0.00099
  53733.258390000  10.10850   0.00089
  53733.251610000  10.10850   0.00068
  53738.213630000  10.10860   0.00084
  53742.413220000  10.10870   0.00103
  53733.260100000  10.10870   0.00090
  53726.351370000  10.10880   0.00080
  53726.362620000  10.10890   0.00091
  53744.370500000  10.10890   0.00109
  53733.256710000  10.10890   0.00067
  53726.354360000  10.10910   0.00080
  53726.360050000  10.10920   0.00088
  53742.420100000  10.10930   0.00106
  53733.254130000  10.10930   0.00065
  53726.360910000  10.10940   0.00090
  53726.356580000  10.10940   0.00081
  53742.425210000  10.10940   0.00104
  53733.250960000  10.10950   0.00067
  53726.359200000  10.10960   0.00089
  53726.357630000  10.10970   0.00090
  53733.255400000  10.10970   0.00067
  53726.358330000  10.10970   0.00093
  53731.286600000  10.10970   0.00122
  53726.361790000  10.10980   0.00090
  53742.417110000  10.10990   0.00102
  53726.352870000  10.10990   0.00079
  53742.441100000  10.10990   0.00127
  53733.240470000  10.10990   0.00070
  53742.408750000  10.10990   0.00088
  53754.250881000  10.11000   0.00106
  53744.372810000  10.11010   0.00113
  53742.442400000  10.11010   0.00129
  53742.418060000  10.11020   0.00104
  53733.253500000  10.11020   0.00066
  53744.374930000  10.11020   0.00113
  53726.353610000  10.11030   0.00080
  53744.371670000  10.11040   0.00110
  53742.422040000  10.11060   0.00113
  53733.248550000  10.11060   0.00068
  53754.253381000  10.11070   0.00082
  53742.428080000  10.11070   0.00111
  53742.419070000  10.11070   0.00108
  53726.352120000  10.11080   0.00079
  53733.256060000  10.11090   0.00067
  53733.252230000  10.11090   0.00065
  53742.429010000  10.11110   0.00102
  53726.355850000  10.11130   0.00080
  53742.439830000  10.11140   0.00130
  53728.303420000  10.11150   0.00114
  53733.227140000  10.11160   0.00073
  53733.239810000  10.11170   0.00069
  53733.237740000  10.11170   0.00071
  53742.409510000  10.11180   0.00089
  53742.447720000  10.11190   0.00130
  53742.435800000  10.11200   0.00130
  53742.427090000  10.11210   0.00104
  53754.237891000  10.11210   0.00065
  53754.252401000  10.11230   0.00081
  53733.241870000  10.11240   0.00069
  53733.237030000  10.11250   0.00072
  53742.430050000  10.11250   0.00107
  53742.433580000  10.11260   0.00118
  53728.299330000  10.11260   0.00132
  53754.246551000  10.11260   0.00089
  53742.449090000  10.11280   0.00128
  53742.432320000  10.11280   0.00128
  53737.468180000  10.11310   0.00150
  53728.302350000  10.11310   0.00112
  53733.239090000  10.11330   0.00071
  53754.237011000  10.11340   0.00063
  53733.231570000  10.11340   0.00073
  53733.235610000  10.11360   0.00072
  53742.436900000  10.11360   0.00133
  53733.228490000  10.11360   0.00074
  53733.232120000  10.11360   0.00073
  53754.238931000  10.11380   0.00062
  53733.229190000  10.11380   0.00073
  53742.426150000  10.11390   0.00109
  53742.434640000  10.11390   0.00123
  53742.438140000  10.11410   0.00145
  53742.423040000  10.11410   0.00105
  53733.223590000  10.11410   0.00072
  53742.446390000  10.11420   0.00128
  53742.445070000  10.11420   0.00127
  53733.232830000  10.11430   0.00074
  53742.431010000  10.11460   0.00116
  53754.236151000  10.11460   0.00061
  53733.236340000  10.11480   0.00072
  53733.225740000  10.11480   0.00072
  53733.241160000  10.11500   0.00073
  53733.234220000  10.11510   0.00073
  53733.234910000  10.11560   0.00073
  53744.355130000  10.11590   0.00114
  53733.215940000  10.11590   0.00074
  53733.230720000  10.11620   0.00069
  53742.454370000  10.11630   0.00128
  53733.226420000  10.11640   0.00073
  53733.224300000  10.11650   0.00073
  53733.218730000  10.11650   0.00074
  53733.206290000  10.11650   0.00073
  53733.215250000  10.11660   0.00074
  53742.456990000  10.11690   0.00127
  53733.220790000  10.11690   0.00074
  53733.221500000  10.11710   0.00073
  53733.220140000  10.11710   0.00074
  53742.459890000  10.11720   0.00130
  53742.463840000  10.11730   0.00124
  53733.230180000  10.11750   0.00068
  53733.216660000  10.11770   0.00073
  53742.451700000  10.11800   0.00128
  53731.352630000  10.11810   0.00153
  53742.450410000  10.11820   0.00129
  53742.477320000  10.11820   0.00125
  53733.222180000  10.11830   0.00073
  53733.218000000  10.11840   0.00074
  53742.466460000  10.11840   0.00122
  53742.453060000  10.11870   0.00136
  53733.214540000  10.11880   0.00074
  53742.467830000  10.11890   0.00121
  53733.213180000  10.11900   0.00074
  53733.209710000  10.11900   0.00074
  53731.358240000  10.11920   0.00166
  53742.470540000  10.11920   0.00132
  53733.222890000  10.11920   0.00073
  53742.461100000  10.11940   0.00126
  53742.455690000  10.11980   0.00126
  53733.199940000  10.12000   0.00074
  53742.465170000  10.12010   0.00121
  53742.476020000  10.12020   0.00127
  53733.209040000  10.12050   0.00075
  53742.474550000  10.12060   0.00130
  53731.354040000  10.12070   0.00143
  53742.458380000  10.12090   0.00134
  53734.417840000  10.12150   0.00117
  53742.479960000  10.12150   0.00134
  53742.462470000  10.12160   0.00126
  53728.261400000  10.12180   0.00129
  53726.413630000  10.12180   0.00066
  53734.431460000  10.12180   0.00110
  53733.211820000  10.12190   0.00073
  53733.204820000  10.12200   0.00074
  53726.417460000  10.12200   0.00064
  53733.203450000  10.12220   0.00075
  53742.473140000  10.12240   0.00131
  53733.200610000  10.12240   0.00074
  53733.202710000  10.12250   0.00074
  53733.197670000  10.12250   0.00078
  53731.355390000  10.12260   0.00147
  53725.176540000  10.12260   0.00144
  53754.198881000  10.12260   0.00064
  53734.423620000  10.12280   0.00111
  53742.490560000  10.12290   0.00137
  53734.428140000  10.12290   0.00117
  53733.202010000  10.12300   0.00074
  53734.424830000  10.12310   0.00109
  53734.421500000  10.12320   0.00111
  53726.427670000  10.12320   0.00066
  53733.204140000  10.12320   0.00074
  53742.481250000  10.12320   0.00132
  53754.197551000  10.12330   0.00075
  53742.469110000  10.12330   0.00133
  53725.184330000  10.12340   0.00116
  53742.489250000  10.12350   0.00130
  53733.211100000  10.12350   0.00074
  53733.210420000  10.12350   0.00074
  53734.427010000  10.12350   0.00115
  53728.256520000  10.12360   0.00124
  53734.422560000  10.12370   0.00112
  53725.177720000  10.12380   0.00125
  53726.418120000  10.12380   0.00063
  53725.179410000  10.12390   0.00122
  53733.205550000  10.12390   0.00075
  53728.257710000  10.12390   0.00126
  53725.181960000  10.12390   0.00121
  53728.260280000  10.12400   0.00119
  53725.186700000  10.12400   0.00121
  53733.196920000  10.12420   0.00078
  53725.187880000  10.12420   0.00126
  53728.252650000  10.12420   0.00129
  53742.478660000  10.12440   0.00136
  53726.427010000  10.12440   0.00065
  53725.180790000  10.12450   0.00137
  53734.429170000  10.12460   0.00112
  53725.173920000  10.12460   0.00120
  53726.426340000  10.12470   0.00065
  53726.430870000  10.12480   0.00066
  53731.359750000  10.12480   0.00163
  53734.420300000  10.12480   0.00109
  53725.192030000  10.12480   0.00116
  53733.187330000  10.12490   0.00077
  53731.373630000  10.12500   0.00196
  53726.434620000  10.12510   0.00064
  53728.255080000  10.12510   0.00132
  53734.432530000  10.12510   0.00116
  53728.253830000  10.12510   0.00128
  53728.236400000  10.12520   0.00089
  53754.189881000  10.12520   0.00079
  53728.251400000  10.12530   0.00131
  53742.471780000  10.12530   0.00127
  53725.200530000  10.12530   0.00109
  53726.425080000  10.12530   0.00066
  53754.188421000  10.12530   0.00078
  53731.377070000  10.12530   0.00183
  53733.188730000  10.12530   0.00078
  53726.425710000  10.12540   0.00066
  53728.248710000  10.12540   0.00124
  53728.247520000  10.12540   0.00127
  53725.189620000  10.12540   0.00114
  53734.430290000  10.12560   0.00109
  53754.191331000  10.12560   0.00079
  53731.356820000  10.12560   0.00165
  53742.486660000  10.12570   0.00129
  53734.416550000  10.12580   0.00118
  53728.250330000  10.12580   0.00121
  53733.185620000  10.12580   0.00074
  53728.259310000  10.12590   0.00119
  53726.433400000  10.12620   0.00066
  53731.361120000  10.12620   0.00168
  53734.425910000  10.12630   0.00115
  53742.487950000  10.12630   0.00125
  53733.175450000  10.12630   0.00088
  53726.430160000  10.12640   0.00066
  53726.436520000  10.12640   0.00065
  53728.237150000  10.12650   0.00088
  53725.195590000  10.12650   0.00121
  53733.188000000  10.12660   0.00078
  53726.435250000  10.12660   0.00064
  53733.190180000  10.12670   0.00078
  53733.190930000  10.12670   0.00078
  53734.415390000  10.12670   0.00115
  53733.184300000  10.12680   0.00074
  53725.193220000  10.12690   0.00124
  53733.186360000  10.12690   0.00074
  53726.439080000  10.12700   0.00065
  53734.411750000  10.12710   0.00120
  53725.185510000  10.12710   0.00115
  53734.407730000  10.12720   0.00129
  53725.183140000  10.12730   0.00119
  53733.177060000  10.12730   0.00087
  53754.185541000  10.12730   0.00085
  53726.435900000  10.12750   0.00063
  53733.184920000  10.12750   0.00073
  53725.194410000  10.12760   0.00120
  53726.440940000  10.12760   0.00065
  53734.396110000  10.12770   0.00109
  53731.380460000  10.12790   0.00154
  53731.375310000  10.12790   0.00178
  53733.176180000  10.12790   0.00088
  53725.190830000  10.12790   0.00114
  53754.177621000  10.12800   0.00059
  53733.173710000  10.12800   0.00078
  53726.437180000  10.12800   0.00065
  53733.174480000  10.12810   0.00079
  53726.433980000  10.12810   0.00065
  53734.412980000  10.12820   0.00122
  53726.438380000  10.12830   0.00066
  53728.235190000  10.12840   0.00098
  53728.245490000  10.12840   0.00096
  53733.168960000  10.12850   0.00088
  53731.381930000  10.12850   0.00155
  53742.482570000  10.12850   0.00133
  53754.180051000  10.12850   0.00070
  53754.184091000  10.12850   0.00071
  53728.244800000  10.12860   0.00082
  53756.084691000  10.12860   0.00142
  53728.238920000  10.12860   0.00087
  53728.232220000  10.12860   0.00097
  53728.242310000  10.12860   0.00092
  53742.483910000  10.12870   0.00139
  53754.178831000  10.12870   0.00062
  53725.202640000  10.12870   0.00110
  53731.379140000  10.12880   0.00145
  53734.410610000  10.12890   0.00119
  53756.082681000  10.12890   0.00126
  53725.199460000  10.12910   0.00112
  53726.440320000  10.12910   0.00065
  53734.414130000  10.12910   0.00119
  53728.244050000  10.12930   0.00080
  53728.246520000  10.12930   0.00095
  53728.241500000  10.12940   0.00087
  53725.210340000  10.12940   0.00128
  53733.170070000  10.12940   0.00078
  53731.383390000  10.12940   0.00158
  53756.092881000  10.12950   0.00126
  53728.239730000  10.12950   0.00087
  53726.437760000  10.12960   0.00065
  53734.402100000  10.12970   0.00109
  53733.172940000  10.12970   0.00079
  53733.183690000  10.12980   0.00073
  53733.172200000  10.12990   0.00080
  53734.404150000  10.12990   0.00111
  53728.231310000  10.13000   0.00097
  53725.207940000  10.13050   0.00124
  53728.228300000  10.13050   0.00099
  53734.408920000  10.13060   0.00132
  53756.095571000  10.13070   0.00140
  53734.406310000  10.13070   0.00115
  53734.399150000  10.13070   0.00089
  53734.394980000  10.13080   0.00107
  53726.455070000  10.13090   0.00067
  53728.243400000  10.13100   0.00079
  53734.393820000  10.13100   0.00111
  53725.205830000  10.13100   0.00117
  53742.485330000  10.13110   0.00134
  53733.171420000  10.13110   0.00079
  53731.389120000  10.13120   0.00161
  53731.387650000  10.13120   0.00168
  53756.096921000  10.13130   0.00133
  53734.405350000  10.13130   0.00130
  53734.383410000  10.13140   0.00084
  53726.453160000  10.13140   0.00067
  53725.211450000  10.13140   0.00132
  53756.094221000  10.13160   0.00125
  53726.451240000  10.13160   0.00067
  53754.166011000  10.13160   0.00075
  53728.234250000  10.13160   0.00099
  53728.230400000  10.13160   0.00101
  53734.403000000  10.13160   0.00106
  53733.168090000  10.13180   0.00089
  53725.204770000  10.13180   0.00115
  53756.099961000  10.13200   0.00164
  53726.453810000  10.13200   0.00067
  53756.091531000  10.13210   0.00129
  53728.238030000  10.13210   0.00088
  53728.207240000  10.13210   0.00122
  53733.170720000  10.13220   0.00078
  53726.472870000  10.13230   0.00066
  53734.391760000  10.13240   0.00107
  53726.456910000  10.13240   0.00067
  53756.101431000  10.13260   0.00154
  53728.215480000  10.13260   0.00136
  53754.159561000  10.13260   0.00093
  53725.220280000  10.13270   0.00124
  53756.098501000  10.13270   0.00144
  53754.175191000  10.13280   0.00065
  53725.216970000  10.13280   0.00131
  53728.223940000  10.13280   0.00082
  53734.397500000  10.13280   0.00092
  53754.164291000  10.13290   0.00077
  53744.277340000  10.13290   0.00093
  53734.390580000  10.13300   0.00110
  53754.168001000  10.13300   0.00082
  53726.464400000  10.13300   0.00066
  53734.385110000  10.13310   0.00083
  53725.215860000  10.13320   0.00127
  53728.226430000  10.13320   0.00100
  53756.104371000  10.13320   0.00159
  53725.221390000  10.13340   0.00132
  53744.278150000  10.13340   0.00094
  53728.227300000  10.13340   0.00099
  53725.218080000  10.13340   0.00126
  53756.102901000  10.13340   0.00158
  53726.456290000  10.13350   0.00067
  53728.225550000  10.13350   0.00082
  53725.219180000  10.13350   0.00127
  53733.164610000  10.13350   0.00089
  53734.400870000  10.13360   0.00094
  53734.379420000  10.13360   0.00084
  53726.454390000  10.13360   0.00067
  53733.163780000  10.13360   0.00089
  53744.280560000  10.13370   0.00093
  53754.161151000  10.13370   0.00085
  53734.388350000  10.13380   0.00087
  53734.389380000  10.13380   0.00111
  53733.162880000  10.13390   0.00087
  53734.392750000  10.13400   0.00108
  53756.113881000  10.13400   0.00182
  53728.209980000  10.13400   0.00133
  53725.246770000  10.13400   0.00123
  53734.378340000  10.13400   0.00089
  53728.229300000  10.13410   0.00101
  53733.162160000  10.13420   0.00089
  53756.105821000  10.13420   0.00154
  53756.110191000  10.13430   0.00156
  53733.159000000  10.13430   0.00097
  53725.222500000  10.13440   0.00126
  53734.381790000  10.13450   0.00083
  53754.162711000  10.13450   0.00085
  53734.398310000  10.13450   0.00095
  53744.274940000  10.13460   0.00093
  53725.225800000  10.13460   0.00135
  53728.224620000  10.13460   0.00083
  53744.279750000  10.13470   0.00094
  53730.154140000  10.13470   0.00118
  53734.384260000  10.13480   0.00085
  53744.268520000  10.13480   0.00094
  53728.208510000  10.13480   0.00131
  53728.212680000  10.13490   0.00129
  53726.463770000  10.13500   0.00068
  53754.155311000  10.13510   0.00095
  53725.224700000  10.13510   0.00135
  53726.474210000  10.13510   0.00067
  53730.155500000  10.13510   0.00152
  53725.236820000  10.13520   0.00129
  53725.223600000  10.13530   0.00130
  53726.463140000  10.13530   0.00067
  53725.228000000  10.13540   0.00135
  53756.116611000  10.13540   0.00153
  53726.465120000  10.13540   0.00067
  53734.377460000  10.13550   0.00089
  53726.471600000  10.13550   0.00067
  53730.159720000  10.13550   0.00154
  53728.214040000  10.13550   0.00131
  53730.153300000  10.13570   0.00114
  53734.385940000  10.13570   0.00084
  53744.273330000  10.13580   0.00093
  53744.270120000  10.13590   0.00094
  53734.376670000  10.13590   0.00087
  53726.466460000  10.13590   0.00067
  53734.380910000  10.13600   0.00083
  53725.229100000  10.13610   0.00135
  53756.111951000  10.13610   0.00191
  53734.387480000  10.13620   0.00093
  53745.476861000  10.13630   0.00077
  53734.373730000  10.13630   0.00094
  53725.233510000  10.13640   0.00124
  53756.118191000  10.13640   0.00142
  53754.148711000  10.13650   0.00066
  53734.380090000  10.13650   0.00083
  53744.275710000  10.13650   0.00094
  53725.232410000  10.13650   0.00122
  53744.263750000  10.13650   0.00094
  53726.469650000  10.13660   0.00067
  53730.164030000  10.13660   0.00167
  53744.266930000  10.13660   0.00093
  53728.211290000  10.13660   0.00125
  53726.470300000  10.13680   0.00067
  53726.471010000  10.13680   0.00067
  53756.119761000  10.13690   0.00141
  53728.196790000  10.13690   0.00091
  53725.235720000  10.13690   0.00126
  53725.231310000  10.13710   0.00128
  53734.374510000  10.13710   0.00093
  53730.161150000  10.13710   0.00162
  53725.209000000  10.13720   0.00122
  53745.463241000  10.13730   0.00064
  53728.197890000  10.13740   0.00121
  53728.191560000  10.13740   0.00085
  53726.485940000  10.13750   0.00066
  53730.156820000  10.13750   0.00156
  53734.375440000  10.13750   0.00093
  53734.386610000  10.13760   0.00089
  53728.203200000  10.13770   0.00118
  53730.158240000  10.13770   0.00159
  53728.201800000  10.13770   0.00127
  53730.166940000  10.13780   0.00171
  53744.267740000  10.13790   0.00093
  53725.239030000  10.13800   0.00119
  53730.165480000  10.13800   0.00172
  53754.147371000  10.13810   0.00063
  53744.260590000  10.13810   0.00095
  53726.474730000  10.13810   0.00068
  53725.230200000  10.13810   0.00128
  53756.127421000  10.13810   0.00100
  53730.169850000  10.13820   0.00158
  53745.461221000  10.13820   0.00064
  53728.205880000  10.13820   0.00109
  53726.487830000  10.13830   0.00067
  53744.258180000  10.13830   0.00091
  53730.168410000  10.13830   0.00167
  53744.255010000  10.13840   0.00088
  53730.162620000  10.13840   0.00163
  53726.480110000  10.13840   0.00068
  53744.261370000  10.13850   0.00094
  53756.125431000  10.13850   0.00096
  53734.356000000  10.13850   0.00097
  53726.475380000  10.13860   0.00067
  53728.199150000  10.13860   0.00122
  53730.171350000  10.13860   0.00157
  53744.256600000  10.13870   0.00090
  53734.361610000  10.13870   0.00080
  53725.240130000  10.13870   0.00120
  53744.248120000  10.13880   0.00087
  53734.371930000  10.13880   0.00081
  53728.204590000  10.13890   0.00109
  53728.192300000  10.13890   0.00086
  53734.370490000  10.13890   0.00080
  53734.372670000  10.13900   0.00080
  53744.254220000  10.13900   0.00089
  53730.180550000  10.13900   0.00135
  53725.247880000  10.13900   0.00126
  53726.482670000  10.13900   0.00067
  53726.482070000  10.13910   0.00066
  53726.480800000  10.13920   0.00068
  53726.487150000  10.13920   0.00066
  53728.190150000  10.13920   0.00092
  53744.258980000  10.13920   0.00093
  53726.486590000  10.13920   0.00066
  53728.195950000  10.13930   0.00093
  53734.371110000  10.13930   0.00081
  53730.179170000  10.13940   0.00135
  53725.234620000  10.13940   0.00130
  53744.252760000  10.13960   0.00088
  53734.367310000  10.13960   0.00085
  53744.257400000  10.13960   0.00090
  53725.237910000  10.13960   0.00124
  53726.481390000  10.13960   0.00067
  53756.128411000  10.13960   0.00099
  53726.473550000  10.14000   0.00066
  53734.364050000  10.14000   0.00085
  53744.248970000  10.14000   0.00088
  53756.134361000  10.14010   0.00099
  53744.245670000  10.14020   0.00086
  53734.358920000  10.14020   0.00089
  53725.241230000  10.14020   0.00119
  53725.242350000  10.14020   0.00122
  53756.130381000  10.14030   0.00104
  53725.245660000  10.14030   0.00123
  53756.133371000  10.14030   0.00101
  53730.202910000  10.14040   0.00148
  53728.200460000  10.14040   0.00089
  53728.189260000  10.14040   0.00095
  53726.500620000  10.14040   0.00092
  53726.492870000  10.14040   0.00088
  53745.474151000  10.14040   0.00078
  53730.172800000  10.14050   0.00155
  53726.485290000  10.14050   0.00067
  53745.475061000  10.14060   0.00078
  53725.251200000  10.14060   0.00125
  53756.129401000  10.14060   0.00099
  53726.472190000  10.14070   0.00067
  53730.191710000  10.14070   0.00138
  53726.499750000  10.14070   0.00089
  53734.366490000  10.14070   0.00087
  53745.455161000  10.14070   0.00066
  53726.476710000  10.14070   0.00067
  53726.501470000  10.14080   0.00093
  53730.182040000  10.14080   0.00135
  53730.186340000  10.14090   0.00129
  53756.126431000  10.14100   0.00101
  53734.358210000  10.14100   0.00089
  53725.244560000  10.14110   0.00128
  53730.183370000  10.14110   0.00132
  53730.205710000  10.14110   0.00147
  53734.356920000  10.14120   0.00098
  53734.363360000  10.14120   0.00085
  53726.489160000  10.14120   0.00066
  53734.362320000  10.14120   0.00080
  53728.194150000  10.14140   0.00088
  53745.460551000  10.14140   0.00066
  53756.131381000  10.14150   0.00100
  53745.475961000  10.14160   0.00077
  53734.359810000  10.14160   0.00090
  53744.245020000  10.14160   0.00087
  53730.185150000  10.14160   0.00130
  53726.496250000  10.14170   0.00090
  53725.253400000  10.14180   0.00137
  53725.243450000  10.14180   0.00122
  53725.252290000  10.14180   0.00139
  53726.477350000  10.14190   0.00068
  53734.365690000  10.14190   0.00087
  53734.360950000  10.14190   0.00080
  53756.140301000  10.14190   0.00097
  53756.136341000  10.14200   0.00100
  53730.198340000  10.14200   0.00141
  53744.239990000  10.14200   0.00101
  53756.137321000  10.14210   0.00099
  53726.509270000  10.14210   0.00088
  53728.195020000  10.14210   0.00095
  53726.483990000  10.14220   0.00066
  53756.135341000  10.14230   0.00098
  53730.187710000  10.14230   0.00131
  53730.190370000  10.14240   0.00128
  53745.462571000  10.14240   0.00064
  53756.132371000  10.14250   0.00100
  53725.248990000  10.14260   0.00122
  53726.484670000  10.14260   0.00065
  53745.472341000  10.14270   0.00078
  53726.483410000  10.14270   0.00067
  53744.243730000  10.14270   0.00100
  53726.504080000  10.14280   0.00089
  53726.494530000  10.14280   0.00088
  53756.139311000  10.14280   0.00101
  53726.506660000  10.14290   0.00089
  53734.354010000  10.14290   0.00099
  53725.250100000  10.14300   0.00125
  53756.138321000  10.14300   0.00101
  53730.201030000  10.14300   0.00141
  53730.216700000  10.14310   0.00145
  53730.189050000  10.14320   0.00137
  53730.197060000  10.14320   0.00137
  53744.230900000  10.14330   0.00098
  53745.458541000  10.14330   0.00066
  53756.142481000  10.14330   0.00098
  53744.233820000  10.14340   0.00096
  53756.141281000  10.14340   0.00099
  53744.240820000  10.14340   0.00100
  53726.488430000  10.14360   0.00068
  53744.227970000  10.14360   0.00105
  53730.195690000  10.14360   0.00137
  53744.228970000  10.14360   0.00102
  53726.497130000  10.14360   0.00089
  53744.226990000  10.14380   0.00104
  53730.193010000  10.14380   0.00140
  53734.352990000  10.14380   0.00103
  53734.352090000  10.14380   0.00101
  53726.493660000  10.14390   0.00087
  53744.232860000  10.14390   0.00097
  53734.351190000  10.14390   0.00102
  53756.146441000  10.14400   0.00099
  53756.143471000  10.14400   0.00100
  53744.234800000  10.14400   0.00100
  53734.343840000  10.14410   0.00100
  53744.247310000  10.14420   0.00090
  53725.256740000  10.14430   0.00133
  53745.463911000  10.14440   0.00064
  53745.471441000  10.14440   0.00078
  53745.447751000  10.14450   0.00067
  53745.450451000  10.14450   0.00068
  53745.451791000  10.14450   0.00067
  53744.250880000  10.14460   0.00092
  53730.199700000  10.14460   0.00137
  53744.226020000  10.14470   0.00101
  53756.148421000  10.14470   0.00100
  53726.495380000  10.14480   0.00089
  53734.342330000  10.14480   0.00114
  53744.246480000  10.14480   0.00089
  53744.221110000  10.14490   0.00098
  53726.502320000  10.14490   0.00094
  53734.344710000  10.14500   0.00100
  53728.193320000  10.14500   0.00092
  53756.145451000  10.14500   0.00098
  53730.204240000  10.14510   0.00151
  53756.147441000  10.14520   0.00098
  53744.231870000  10.14520   0.00099
  53744.223080000  10.14530   0.00099
  53745.459211000  10.14530   0.00066
  53734.339600000  10.14540   0.00125
  53726.508440000  10.14540   0.00090
  53744.222100000  10.14540   0.00100
  53756.156221000  10.14550   0.00144
  53756.151381000  10.14550   0.00109
  53756.150401000  10.14560   0.00109
  53725.255640000  10.14570   0.00139
  53725.272550000  10.14570   0.00120
  53734.338370000  10.14570   0.00130
  53744.229920000  10.14580   0.00099
  53726.498010000  10.14590   0.00090
  53756.153381000  10.14590   0.00100
  53726.489760000  10.14600   0.00066
  53730.208610000  10.14600   0.00130
  53756.154771000  10.14610   0.00134
  53726.504940000  10.14620   0.00088
  53730.219440000  10.14640   0.00123
  53725.273650000  10.14640   0.00120
  53734.334340000  10.14640   0.00132
  53734.331790000  10.14640   0.00143
  53756.152391000  10.14640   0.00112
  53756.157681000  10.14640   0.00134
  53726.505790000  10.14650   0.00088
  53744.219150000  10.14660   0.00099
  53744.220140000  10.14670   0.00098
  53744.224060000  10.14670   0.00099
  53730.218050000  10.14680   0.00139
  53744.213280000  10.14680   0.00099
  53756.149411000  10.14680   0.00103
  53744.212310000  10.14680   0.00100
  53726.491070000  10.14680   0.00068
  53730.211490000  10.14690   0.00127
  53745.473251000  10.14700   0.00079
  53745.453131000  10.14700   0.00067
  53734.336990000  10.14710   0.00125
  53730.223790000  10.14710   0.00129
  53725.279170000  10.14710   0.00118
  53734.335620000  10.14720   0.00136
  53734.327180000  10.14720   0.00148
  53744.225040000  10.14720   0.00099
  53735.190560000  10.14720   0.00106
  53730.207120000  10.14720   0.00131
  53728.165620000  10.14730   0.00127
  53756.162761000  10.14730   0.00104
  53726.512970000  10.14740   0.00088
  53726.510130000  10.14740   0.00087
  53725.278080000  10.14740   0.00118
  53730.212930000  10.14740   0.00138
  53744.214290000  10.14750   0.00099
  53730.222370000  10.14750   0.00120
  53756.164971000  10.14760   0.00113
  53728.163940000  10.14770   0.00136
  53730.233570000  10.14770   0.00121
  53725.275870000  10.14770   0.00131
  53734.328630000  10.14780   0.00143
  53725.280280000  10.14780   0.00122
  53744.208880000  10.14780   0.00084
  53725.286900000  10.14780   0.00133
  53745.447081000  10.14780   0.00068
  53726.490400000  10.14790   0.00068
  53744.211460000  10.14790   0.00099
  53725.270350000  10.14790   0.00137
  53756.163871000  10.14800   0.00117
  53725.281380000  10.14800   0.00114
  53734.332970000  10.14800   0.00133
  53725.274770000  10.14820   0.00117
  53730.194350000  10.14820   0.00135
  53756.167191000  10.14820   0.00108
  53745.477771000  10.14820   0.00081
  53730.210060000  10.14820   0.00132
  53734.325720000  10.14840   0.00150
  53745.464851000  10.14860   0.00082
  53744.217240000  10.14870   0.00100
  53744.218180000  10.14870   0.00100
  53725.282480000  10.14870   0.00117
  53728.168030000  10.14870   0.00146
  53744.205110000  10.14880   0.00082
  53726.511030000  10.14880   0.00087
  53744.216280000  10.14880   0.00103
  53756.184061000  10.14880   0.00099
  53744.215230000  10.14880   0.00101
  53756.166081000  10.14890   0.00119
  53726.503210000  10.14890   0.00093
  53728.140560000  10.14910   0.00163
  53726.498860000  10.14910   0.00090
  53745.459871000  10.14920   0.00065
  53756.171851000  10.14920   0.00106
  53725.290210000  10.14920   0.00111
  53756.172951000  10.14930   0.00107
  53730.226980000  10.14930   0.00138
  53730.214710000  10.14940   0.00163
  53745.451121000  10.14940   0.00068
  53730.230190000  10.14940   0.00126
  53730.235220000  10.14950   0.00127
  53734.324300000  10.14950   0.00149
  53756.174331000  10.14960   0.00110
  53725.285800000  10.14960   0.00135
  53725.289110000  10.14960   0.00115
  53728.162370000  10.14970   0.00133
  53734.330050000  10.14970   0.00153
  53728.169290000  10.14970   0.00142
  53726.491720000  10.14980   0.00068
  53725.283590000  10.14980   0.00120
  53725.291320000  10.14980   0.00114
  53725.276970000  10.14990   0.00124
  53756.175321000  10.14990   0.00098
  53734.319100000  10.14990   0.00172
  53730.225240000  10.15000   0.00127
  53744.206620000  10.15010   0.00082
  53725.293520000  10.15010   0.00120
  53730.241570000  10.15010   0.00105
  53740.483600000  10.15020   0.00182
  53725.292420000  10.15020   0.00115
  53730.239990000  10.15040   0.00112
  53726.507560000  10.15040   0.00092
  53735.226710000  10.15040   0.00117
  53756.177301000  10.15050   0.00099
  53744.209680000  10.15050   0.00084
  53726.518730000  10.15070   0.00087
  53735.182210000  10.15070   0.00097
  53730.238570000  10.15080   0.00117
  53730.243120000  10.15080   0.00095
  53740.481820000  10.15080   0.00189
  53734.320830000  10.15080   0.00186
  53735.183080000  10.15090   0.00096
  53744.208130000  10.15100   0.00081
  53725.301430000  10.15100   0.00117
  53756.180281000  10.15110   0.00094
  53725.294630000  10.15110   0.00119
  53744.204380000  10.15120   0.00081
  53725.288010000  10.15120   0.00114
  53734.322990000  10.15130   0.00152
  53744.205910000  10.15140   0.00082
  53735.184590000  10.15140   0.00097
  53725.295730000  10.15160   0.00120
  53744.196070000  10.15160   0.00083
  53726.513740000  10.15170   0.00089
  53734.317260000  10.15170   0.00189
  53730.220890000  10.15170   0.00119
  53735.193760000  10.15190   0.00123
  53734.315480000  10.15190   0.00181
  53756.189321000  10.15200   0.00107
  53756.190431000  10.15200   0.00107
  53744.195310000  10.15220   0.00081
  53745.449101000  10.15220   0.00068
  53728.138590000  10.15230   0.00160
  53740.480020000  10.15240   0.00167
  53756.185351000  10.15240   0.00081
  53725.297930000  10.15250   0.00119
  53730.258590000  10.15250   0.00085
  53735.187690000  10.15250   0.00098
  53744.194580000  10.15250   0.00082
  53725.284600000  10.15260   0.00125
  53756.188221000  10.15270   0.00108
  53728.117170000  10.15280   0.00130
  53725.296830000  10.15290   0.00124
  53756.198401000  10.15320   0.00085
  53744.185020000  10.15320   0.00081
  53725.307550000  10.15320   0.00119
  53735.209800000  10.15320   0.00098
  53725.308660000  10.15320   0.00120
  53735.188550000  10.15330   0.00100
  53730.254280000  10.15330   0.00092
  53756.193741000  10.15340   0.00107
  53730.265600000  10.15340   0.00075
  53728.115870000  10.15350   0.00141
  53756.195961000  10.15350   0.00105
  53756.187121000  10.15360   0.00107
  53725.299050000  10.15360   0.00124
  53725.302750000  10.15360   0.00120
  53730.256080000  10.15370   0.00081
  53744.184280000  10.15380   0.00082
  53744.202110000  10.15390   0.00086
  53740.477590000  10.15400   0.00182
  53756.200151000  10.15400   0.00089
  53756.191531000  10.15410   0.00107
  53756.192641000  10.15410   0.00107
  53735.192540000  10.15410   0.00098
  53725.304060000  10.15410   0.00124
  53725.310870000  10.15420   0.00135
  53740.463200000  10.15430   0.00176
  53728.118590000  10.15430   0.00131
  53725.305290000  10.15430   0.00122
  53744.198350000  10.15430   0.00085
  53756.201021000  10.15440   0.00088
  53725.300150000  10.15440   0.00125
  53734.275670000  10.15460   0.00141
  53744.183510000  10.15460   0.00087
  53756.199271000  10.15460   0.00090
  53740.473700000  10.15470   0.00187
  53756.201891000  10.15500   0.00090
  53725.309760000  10.15510   0.00117
  53744.179760000  10.15510   0.00084
  53728.142710000  10.15510   0.00146
  53735.204660000  10.15530   0.00083
  53740.471620000  10.15530   0.00171
  53756.197531000  10.15540   0.00092
  53744.182010000  10.15540   0.00081
  53755.283211000  10.15550   0.00099
  53740.475600000  10.15550   0.00190
  53744.207370000  10.15550   0.00082
  53730.266430000  10.15560   0.00079
  53756.203631000  10.15580   0.00089
  53725.311960000  10.15590   0.00128
  53730.267410000  10.15590   0.00083
  53756.215521000  10.15600   0.00086
  53735.207780000  10.15600   0.00086
  53730.273200000  10.15600   0.00069
  53725.306420000  10.15600   0.00122
  53735.189550000  10.15600   0.00101
  53734.283890000  10.15610   0.00145
  53756.202761000  10.15620   0.00090
  53744.170090000  10.15620   0.00084
  53735.221960000  10.15630   0.00130
  53725.322700000  10.15630   0.00120
  53725.324920000  10.15640   0.00121
  53744.173740000  10.15640   0.00085
  53735.206960000  10.15640   0.00083
  53755.287111000  10.15640   0.00117
  53744.172200000  10.15650   0.00084
  53756.214651000  10.15650   0.00085
  53734.278650000  10.15650   0.00150
  53725.313100000  10.15660   0.00132
  53756.186101000  10.15660   0.00082
  53725.326020000  10.15670   0.00117
  53755.286141000  10.15670   0.00124
  53745.383761000  10.15680   0.00071
  53730.274060000  10.15680   0.00067
  53730.269400000  10.15680   0.00084
  53744.175970000  10.15680   0.00085
  53740.469950000  10.15680   0.00169
  53756.212901000  10.15690   0.00086
  53730.272330000  10.15690   0.00071
  53730.271620000  10.15690   0.00073
  53735.216080000  10.15700   0.00112
  53755.290521000  10.15700   0.00116
  53735.211780000  10.15710   0.00107
  53734.289170000  10.15710   0.00157
  53756.217941000  10.15710   0.00081
  53740.464860000  10.15710   0.00175
  53744.178270000  10.15720   0.00085
  53756.209681000  10.15720   0.00096
  53740.456560000  10.15720   0.00179
  53725.331570000  10.15720   0.00118
  53735.218370000  10.15720   0.00108
  53735.205350000  10.15720   0.00084
  53725.328240000  10.15720   0.00121
  53756.213771000  10.15730   0.00085
  53755.278331000  10.15730   0.00099
  53725.333780000  10.15730   0.00118
  53744.175280000  10.15740   0.00085
  53725.323810000  10.15740   0.00121
  53735.191540000  10.15740   0.00106
  53728.113340000  10.15750   0.00134
  53756.216551000  10.15750   0.00089
  53740.468210000  10.15750   0.00174
  53744.182770000  10.15750   0.00082
  53744.178990000  10.15760   0.00083
  53730.274940000  10.15760   0.00070
  53735.213890000  10.15770   0.00108
  53735.231590000  10.15780   0.00120
  53755.281271000  10.15780   0.00099
  53735.229160000  10.15780   0.00127
  53734.280080000  10.15790   0.00141
  53730.275780000  10.15790   0.00064
  53735.245700000  10.15790   0.00134
  53744.170710000  10.15790   0.00084
  53735.210650000  10.15790   0.00095
  53740.444070000  10.15790   0.00155
  53725.327130000  10.15790   0.00121
  53740.423810000  10.15790   0.00111
  53740.461520000  10.15800   0.00170
  53735.227930000  10.15800   0.00125
  53730.279250000  10.15800   0.00068
  53740.453230000  10.15810   0.00168
  53728.111220000  10.15810   0.00104
  53728.114570000  10.15820   0.00145
  53730.296950000  10.15820   0.00091
  53734.270500000  10.15830   0.00133
  53744.158030000  10.15830   0.00085
  53725.339360000  10.15840   0.00119
  53734.285220000  10.15840   0.00146
  53730.278380000  10.15840   0.00066
  53734.274390000  10.15840   0.00136
  53744.166350000  10.15840   0.00085
  53756.228061000  10.15840   0.00078
  53756.219891000  10.15850   0.00080
  53734.265840000  10.15850   0.00147
  53745.391401000  10.15850   0.00072
  53725.337130000  10.15850   0.00115
  53755.288091000  10.15850   0.00109
  53740.448260000  10.15860   0.00164
  53734.281330000  10.15860   0.00141
  53730.281820000  10.15860   0.00067
  53730.280960000  10.15870   0.00067
  53735.223020000  10.15870   0.00129
  53756.223181000  10.15870   0.00074
  53755.282241000  10.15880   0.00097
  53755.284181000  10.15880   0.00100
  53740.449870000  10.15880   0.00162
  53755.271571000  10.15880   0.00166
  53730.280120000  10.15880   0.00068
  53730.282700000  10.15880   0.00066
  53755.279311000  10.15890   0.00104
  53734.268720000  10.15890   0.00142
  53744.174480000  10.15890   0.00085
  53755.264451000  10.15890   0.00178
  53735.217470000  10.15890   0.00107
  53725.338240000  10.15890   0.00121
  53744.173020000  10.15900   0.00084
  53744.165600000  10.15900   0.00084
  53756.220741000  10.15900   0.00079
  53740.454890000  10.15900   0.00169
  53745.377031000  10.15910   0.00073
  53744.154270000  10.15910   0.00084
  53735.208590000  10.15910   0.00085
  53730.276650000  10.15910   0.00061
  53735.236440000  10.15920   0.00131
  53744.164110000  10.15920   0.00086
  53725.330460000  10.15920   0.00118
  53725.343800000  10.15920   0.00119
  53734.254340000  10.15930   0.00153
  53725.342700000  10.15930   0.00114
  53730.277520000  10.15940   0.00063
  53744.159600000  10.15940   0.00085
  53755.289421000  10.15940   0.00112
  53725.334890000  10.15950   0.00119
  53756.231321000  10.15950   0.00074
  53730.291450000  10.15950   0.00087
  53740.438730000  10.15950   0.00120
  53734.267270000  10.15950   0.00144
  53756.221561000  10.15950   0.00078
  53725.341590000  10.15960   0.00111
  53756.225631000  10.15960   0.00081
  53734.252930000  10.15960   0.00152
  53730.284440000  10.15960   0.00062
  53740.439940000  10.15970   0.00132
  53756.222371000  10.15970   0.00076
  53740.424920000  10.15980   0.00110
  53755.270261000  10.15980   0.00155
  53730.287230000  10.15990   0.00055
  53744.167110000  10.15990   0.00084
  53734.271680000  10.15990   0.00138
  53756.218901000  10.15990   0.00081
  53755.274221000  10.15990   0.00132
  53730.283530000  10.15990   0.00060
  53740.459840000  10.16000   0.00164
  53735.212750000  10.16000   0.00111
  53734.286530000  10.16000   0.00147
  53730.290170000  10.16000   0.00056
  53725.344910000  10.16000   0.00124
  53735.225460000  10.16010   0.00121
  53735.224240000  10.16010   0.00133
  53725.332670000  10.16010   0.00120
  53756.228871000  10.16010   0.00078
  53725.336020000  10.16010   0.00121
  53744.150510000  10.16010   0.00085
  53728.110290000  10.16020   0.00104
  53725.348250000  10.16020   0.00128
  53756.236931000  10.16030   0.00120
  53735.214970000  10.16030   0.00109
  53755.267781000  10.16030   0.00194
  53740.436400000  10.16030   0.00126
  53740.426090000  10.16030   0.00110
  53735.282720000  10.16030   0.00087
  53744.161860000  10.16040   0.00084
  53740.416580000  10.16040   0.00128
  53740.445300000  10.16040   0.00144
  53755.266111000  10.16040   0.00162
  53735.251470000  10.16050   0.00149
  53756.224821000  10.16050   0.00081
  53730.301400000  10.16060   0.00109
  53744.157320000  10.16060   0.00084
  53725.340480000  10.16070   0.00120
  53734.287890000  10.16070   0.00147
  53736.468720000  10.16080   0.00168
  53740.417890000  10.16080   0.00127
  53740.442650000  10.16080   0.00155
  53725.363890000  10.16090   0.00111
  53725.329350000  10.16090   0.00125
  53740.429460000  10.16090   0.00110
  53740.451570000  10.16090   0.00171
  53744.145260000  10.16090   0.00086
  53756.233771000  10.16100   0.00085
  53735.250040000  10.16100   0.00173
  53740.430650000  10.16100   0.00114
  53730.302950000  10.16100   0.00103
  53725.346020000  10.16100   0.00123
  53730.292780000  10.16100   0.00088
  53740.437560000  10.16110   0.00122
  53734.273010000  10.16110   0.00131
  53755.261621000  10.16110   0.00203
  53734.264540000  10.16110   0.00158
  53756.229691000  10.16120   0.00077
  53730.286210000  10.16120   0.00058
  53740.446650000  10.16130   0.00142
  53735.241760000  10.16130   0.00135
  53725.360500000  10.16130   0.00121
  53730.285250000  10.16130   0.00063
  53744.148980000  10.16130   0.00084
  53725.356040000  10.16130   0.00119
  53756.240591000  10.16140   0.00118
  53734.282580000  10.16140   0.00143
  53730.298460000  10.16140   0.00102
  53735.232800000  10.16140   0.00127
  53725.352710000  10.16140   0.00116
  53756.232141000  10.16140   0.00084
  53756.235711000  10.16140   0.00117
  53744.147480000  10.16140   0.00085
  53756.226441000  10.16150   0.00083
  53755.285161000  10.16150   0.00109
  53744.148230000  10.16150   0.00084
  53740.431780000  10.16150   0.00112
  53744.146000000  10.16150   0.00084
  53730.294180000  10.16160   0.00090
  53744.152040000  10.16160   0.00086
  53725.350480000  10.16170   0.00125
  53725.354940000  10.16170   0.00123
  53725.353830000  10.16180   0.00119
  53725.347130000  10.16180   0.00123
  53735.240410000  10.16180   0.00146
  53725.362780000  10.16180   0.00112
  53725.361630000  10.16190   0.00115
  53756.234581000  10.16190   0.00082
  53730.299850000  10.16190   0.00104
  53745.378361000  10.16190   0.00073
  53756.241821000  10.16190   0.00111
  53755.259611000  10.16200   0.00197
  53735.260840000  10.16210   0.00172
  53745.376381000  10.16210   0.00074
  53730.295880000  10.16220   0.00088
  53755.272901000  10.16220   0.00152
  53740.368050000  10.16220   0.00089
  53744.139160000  10.16230   0.00085
  53740.421880000  10.16230   0.00123
  53734.234270000  10.16230   0.00165
  53725.351600000  10.16240   0.00122
  53725.366120000  10.16240   0.00111
  53756.244271000  10.16250   0.00103
  53744.136150000  10.16250   0.00085
  53734.250030000  10.16250   0.00152
  53740.435310000  10.16250   0.00128
  53725.357150000  10.16260   0.00114
  53735.257710000  10.16260   0.00152
  53735.239180000  10.16260   0.00146
  53745.381721000  10.16260   0.00072
  53744.134620000  10.16260   0.00086
  53740.432900000  10.16270   0.00116
  53756.246721000  10.16280   0.00098
  53740.419170000  10.16280   0.00129
  53735.285310000  10.16280   0.00089
  53735.243020000  10.16290   0.00139
  53744.133120000  10.16290   0.00085
  53735.234010000  10.16300   0.00129
  53725.359380000  10.16300   0.00119
  53730.304490000  10.16300   0.00121
  53735.220610000  10.16300   0.00124
  53735.271620000  10.16300   0.00107
  53728.123190000  10.16300   0.00153
  53755.249861000  10.16300   0.00172
  53725.367240000  10.16310   0.00113
  53756.227251000  10.16310   0.00085
  53755.238191000  10.16310   0.00182
  53735.230380000  10.16310   0.00121
  53725.365010000  10.16310   0.00112
  53756.243041000  10.16310   0.00120
  53734.251490000  10.16320   0.00159
  53744.144430000  10.16320   0.00086
  53730.289180000  10.16330   0.00061
  53744.127830000  10.16330   0.00086
  53735.254620000  10.16330   0.00161
  53756.230511000  10.16330   0.00071
  53755.248201000  10.16330   0.00172
  53740.441360000  10.16340   0.00137
  53734.248620000  10.16340   0.00148
  53734.247130000  10.16340   0.00154
  53740.428370000  10.16350   0.00112
  53755.234871000  10.16350   0.00185
  53756.247961000  10.16350   0.00085
  53735.219660000  10.16350   0.00119
  53755.241521000  10.16360   0.00201
  53735.235240000  10.16370   0.00132
  53744.136870000  10.16370   0.00087
  53756.249191000  10.16380   0.00082
  53734.241380000  10.16380   0.00156
  53745.377701000  10.16380   0.00073
  53740.415300000  10.16390   0.00128
  53734.244270000  10.16390   0.00158
  53730.306090000  10.16390   0.00129
  53745.152961000  10.16390   0.00096
  53740.427230000  10.16400   0.00119
  53725.358270000  10.16410   0.00115
  53755.229941000  10.16410   0.00267
  53735.253020000  10.16410   0.00147
  53725.381040000  10.16420   0.00104
  53740.404520000  10.16420   0.00139
  53745.383101000  10.16420   0.00072
  53728.112170000  10.16430   0.00108
  53740.420590000  10.16430   0.00124
  53725.368360000  10.16430   0.00114
  53735.256160000  10.16430   0.00154
  53735.247050000  10.16430   0.00138
  53740.408600000  10.16440   0.00133
  53740.413830000  10.16440   0.00129
  53745.375021000  10.16440   0.00071
  53735.244400000  10.16450   0.00133
  53730.318870000  10.16450   0.00100
  53740.412600000  10.16450   0.00125
  53740.377650000  10.16460   0.00085
  53755.232311000  10.16460   0.00227
  53735.265510000  10.16460   0.00147
  53734.242790000  10.16460   0.00158
  53740.401940000  10.16470   0.00135
  53734.228450000  10.16480   0.00144
  53730.321650000  10.16480   0.00111
  53740.434120000  10.16480   0.00124
  53740.411240000  10.16490   0.00139
  53740.389500000  10.16490   0.00097
  53740.359960000  10.16500   0.00086
  53735.283590000  10.16500   0.00088
  53725.378190000  10.16500   0.00113
  53725.349370000  10.16500   0.00123
  53730.320170000  10.16500   0.00106
  53730.307600000  10.16510   0.00133
  53734.245720000  10.16510   0.00164
  53740.363280000  10.16520   0.00085
  53755.236521000  10.16520   0.00192
  53740.405840000  10.16520   0.00139
  53745.157421000  10.16530   0.00095
  53734.226990000  10.16540   0.00144
  53735.248410000  10.16540   0.00147
  53725.377070000  10.16550   0.00112
  53740.409870000  10.16550   0.00142
  53735.273870000  10.16560   0.00088
  53735.272910000  10.16560   0.00087
  53725.390010000  10.16560   0.00122
  53734.229940000  10.16560   0.00146
  53740.400690000  10.16570   0.00138
  53735.278470000  10.16570   0.00089
  53735.287050000  10.16570   0.00088
  53730.309380000  10.16570   0.00134
  53734.219800000  10.16580   0.00146
  53725.379560000  10.16580   0.00112
  53740.345540000  10.16590   0.00087
  53735.259270000  10.16590   0.00159
  53735.315270000  10.16590   0.00152
  53745.150281000  10.16590   0.00096
  53745.340501000  10.16590   0.00071
  53730.331430000  10.16590   0.00085
  53744.124810000  10.16600   0.00084
  53735.284460000  10.16600   0.00087
  53730.316120000  10.16600   0.00089
  53730.329390000  10.16600   0.00084
  53740.365710000  10.16620   0.00085
  53740.403230000  10.16620   0.00131
  53740.371240000  10.16630   0.00085
  53740.379650000  10.16630   0.00102
  53755.225231000  10.16630   0.00253
  53735.288770000  10.16630   0.00088
  53734.231370000  10.16640   0.00155
  53740.372080000  10.16640   0.00086
  53755.227591000  10.16650   0.00245
  53730.482570000  10.16650   0.00083
  53740.367330000  10.16650   0.00085
  53745.341161000  10.16650   0.00072
  53735.274830000  10.16650   0.00088
  53735.287900000  10.16650   0.00088
  53735.275770000  10.16660   0.00089
  53745.147791000  10.16660   0.00107
  53730.347400000  10.16660   0.00099
  53730.323060000  10.16660   0.00105
  53740.387510000  10.16660   0.00098
  53740.386470000  10.16680   0.00098
  53755.213961000  10.16680   0.00210
  53725.403800000  10.16680   0.00117
  53730.338310000  10.16680   0.00102
  53730.332530000  10.16680   0.00085
  53755.211941000  10.16680   0.00208
  53740.384550000  10.16680   0.00098
  53734.221190000  10.16680   0.00154
  53730.356010000  10.16680   0.00101
  53756.262641000  10.16680   0.00107
  53734.224080000  10.16690   0.00145
  53725.384020000  10.16690   0.00128
  53735.276730000  10.16690   0.00088
  53740.388500000  10.16700   0.00102
  53730.336940000  10.16700   0.00079
  53744.128580000  10.16700   0.00086
  53725.404920000  10.16710   0.00117
  53734.222660000  10.16710   0.00149
  53734.239900000  10.16710   0.00166
  53740.368890000  10.16710   0.00085
  53740.392320000  10.16710   0.00104
  53756.273131000  10.16710   0.00098
  53730.440620000  10.16710   0.00087
  53734.225600000  10.16720   0.00148
  53740.394350000  10.16720   0.00098
  53740.369640000  10.16720   0.00084
  53734.218380000  10.16730   0.00147
  53740.398220000  10.16730   0.00108
  53740.407250000  10.16730   0.00133
  53734.186050000  10.16730   0.00126
  53735.277700000  10.16730   0.00090
  53725.398050000  10.16730   0.00100
  53745.335171000  10.16730   0.00073
  53740.397160000  10.16740   0.00107
  53745.342491000  10.16740   0.00073
  53725.395050000  10.16740   0.00106
  53744.122200000  10.16740   0.00106
  53725.480010000  10.16740   0.00092
  53730.339730000  10.16740   0.00097
  53735.305390000  10.16760   0.00166
  53745.154751000  10.16760   0.00097
  53740.357070000  10.16760   0.00086
  53745.152071000  10.16760   0.00093
  53755.169211000  10.16770   0.00130
  53745.339171000  10.16770   0.00073
  53735.296590000  10.16770   0.00098
  53745.146761000  10.16770   0.00107
  53730.353260000  10.16770   0.00101
  53740.380660000  10.16780   0.00099
  53725.489800000  10.16780   0.00089
  53734.199280000  10.16780   0.00132
  53740.358970000  10.16780   0.00085
  53735.309380000  10.16780   0.00163
  53740.395230000  10.16780   0.00105
  53745.168101000  10.16780   0.00093
  53730.350180000  10.16780   0.00099
  53730.361770000  10.16780   0.00103
  53756.281021000  10.16790   0.00095
  53745.302121000  10.16790   0.00075
  53740.376030000  10.16790   0.00085
  53755.167881000  10.16790   0.00129
  53734.232770000  10.16790   0.00160
  53725.397060000  10.16790   0.00101
  53730.417880000  10.16790   0.00059
  53730.477950000  10.16800   0.00075
  53755.181181000  10.16800   0.00130
  53740.399160000  10.16800   0.00118
  53745.309411000  10.16800   0.00073
  53730.348740000  10.16800   0.00100
  53725.408700000  10.16800   0.00104
  53740.390490000  10.16800   0.00101
  53745.308751000  10.16800   0.00074
  53745.319371000  10.16810   0.00072
  53735.286230000  10.16810   0.00091
  53734.200540000  10.16810   0.00138
  53734.214080000  10.16810   0.00164
  53745.188471000  10.16810   0.00086
  53740.340980000  10.16810   0.00085
  53755.199181000  10.16820   0.00161
  53725.423790000  10.16820   0.00105
  53740.396230000  10.16830   0.00105
  53745.159191000  10.16830   0.00095
  53725.382030000  10.16830   0.00109
  53730.330340000  10.16830   0.00085
  53730.456630000  10.16830   0.00070
  53735.279290000  10.16830   0.00089
  53745.311401000  10.16830   0.00073
  53740.383550000  10.16830   0.00098
  53756.232951000  10.16830   0.00081
  53735.380360000  10.16830   0.00115
  53735.292230000  10.16840   0.00080
  53740.356370000  10.16840   0.00085
  53725.402670000  10.16840   0.00115
  53730.354610000  10.16840   0.00102
  53745.306751000  10.16840   0.00074
  53735.237700000  10.16840   0.00149
  53735.281000000  10.16840   0.00092
  53740.393380000  10.16840   0.00107
  53745.164541000  10.16850   0.00098
  53730.333610000  10.16850   0.00085
  53740.385500000  10.16850   0.00101
  53735.302880000  10.16850   0.00138
  53734.212090000  10.16850   0.00171
  53740.373710000  10.16850   0.00085
  53725.409710000  10.16850   0.00103
  53740.376890000  10.16850   0.00086
  53730.317300000  10.16860   0.00092
  53735.306730000  10.16860   0.00149
  53734.203240000  10.16860   0.00150
  53735.344930000  10.16860   0.00076
  53755.190451000  10.16860   0.00132
  53730.473590000  10.16870   0.00078
  53734.182170000  10.16870   0.00129
  53735.337340000  10.16870   0.00071
  53735.293770000  10.16870   0.00080
  53734.216860000  10.16870   0.00154
  53730.357460000  10.16880   0.00103
  53734.208810000  10.16880   0.00169
  53740.391380000  10.16880   0.00105
  53755.186481000  10.16880   0.00139
  53735.335030000  10.16880   0.00063
  53725.413720000  10.16880   0.00106
  53740.347830000  10.16880   0.00085
  53735.304060000  10.16880   0.00145
  53730.466600000  10.16890   0.00069
  53730.335790000  10.16890   0.00079
  53725.401580000  10.16890   0.00113
  53734.215420000  10.16890   0.00164
  53735.340340000  10.16890   0.00076
  53730.363190000  10.16890   0.00106
  53745.239241000  10.16890   0.00094
  53745.197241000  10.16890   0.00073
  53734.187280000  10.16900   0.00129
  53740.378820000  10.16900   0.00112
  53755.183821000  10.16900   0.00165
  53745.320671000  10.16900   0.00074
  53725.383020000  10.16900   0.00111
  53730.463240000  10.16900   0.00074
  53745.187701000  10.16910   0.00087
  53745.308081000  10.16910   0.00074
  53740.337870000  10.16910   0.00082
  53755.191781000  10.16910   0.00133
  53735.281860000  10.16910   0.00091
  53755.173221000  10.16920   0.00157
  53734.201850000  10.16920   0.00141
  53725.399040000  10.16920   0.00098
  53730.351570000  10.16920   0.00102
  53745.318661000  10.16920   0.00072
  53725.391010000  10.16920   0.00112
  53740.364050000  10.16930   0.00085
  53735.319640000  10.16930   0.00144
  53730.367610000  10.16930   0.00112
  53740.381600000  10.16930   0.00098
  53734.171970000  10.16930   0.00124
  53725.501270000  10.16930   0.00108
  53755.202971000  10.16930   0.00190
  53730.470660000  10.16940   0.00085
  53725.387010000  10.16940   0.00120
  53745.228581000  10.16940   0.00096
  53745.225061000  10.16940   0.00092
  53725.488910000  10.16940   0.00089
  53725.430850000  10.16940   0.00103
  53735.312350000  10.16950   0.00149
  53730.386460000  10.16950   0.00093
  53745.185391000  10.16950   0.00085
  53725.393060000  10.16950   0.00109
  53725.421770000  10.16950   0.00106
  53725.415740000  10.16960   0.00105
  53735.335800000  10.16960   0.00066
  53755.171891000  10.16960   0.00131
  53734.196580000  10.16960   0.00130
  53740.362470000  10.16960   0.00084
  53734.204520000  10.16970   0.00148
  53734.197880000  10.16970   0.00131
  53725.478230000  10.16970   0.00091
  53730.410980000  10.16970   0.00066
  53756.275761000  10.16970   0.00081
  53734.160070000  10.16970   0.00130
  53740.351900000  10.16970   0.00086
  53735.291640000  10.16970   0.00080
  53735.311060000  10.16970   0.00150
  53725.431870000  10.16980   0.00099
  53745.193921000  10.16980   0.00073
  53725.396060000  10.16980   0.00103
  53745.310081000  10.16980   0.00073
  53730.371280000  10.16980   0.00161
  53730.382540000  10.16980   0.00073
  53735.294770000  10.16980   0.00097
  53730.364670000  10.16980   0.00107
  53725.392050000  10.16980   0.00117
  53755.187811000  10.16980   0.00145
  53734.177160000  10.16980   0.00125
  53725.448320000  10.16980   0.00094
  53745.183851000  10.16980   0.00087
  53734.173360000  10.16980   0.00132
  53735.280170000  10.16990   0.00090
  53725.416760000  10.16990   0.00107
  53735.352090000  10.16990   0.00075
  53735.338820000  10.16990   0.00075
  53725.437630000  10.16990   0.00094
  53745.271251000  10.16990   0.00083
  53735.403520000  10.16990   0.00114
  53730.406700000  10.16990   0.00068
  53745.206011000  10.17000   0.00074
  53725.439400000  10.17000   0.00090
  53725.412720000  10.17000   0.00109
  53735.333540000  10.17000   0.00071
  53725.441200000  10.17000   0.00091
  53755.178521000  10.17000   0.00125
  53755.164751000  10.17000   0.00137
  53725.432880000  10.17000   0.00098
  53745.306091000  10.17000   0.00074
  53755.201071000  10.17000   0.00178
  53735.346420000  10.17000   0.00072
  53740.375270000  10.17000   0.00085
  53735.338060000  10.17000   0.00072
  53745.190781000  10.17000   0.00086
  53735.308060000  10.17010   0.00164
  53745.240141000  10.17010   0.00094
  53735.297600000  10.17010   0.00099
  53745.301471000  10.17010   0.00075
  53734.195170000  10.17010   0.00133
  53730.408540000  10.17010   0.00066
  53740.342160000  10.17010   0.00080
  53740.366450000  10.17010   0.00086
  53725.426820000  10.17010   0.00102
  53735.295620000  10.17020   0.00098
  53755.175861000  10.17020   0.00133
  53755.195931000  10.17020   0.00169
  53730.465440000  10.17020   0.00068
  53755.179861000  10.17020   0.00131
  53734.175900000  10.17020   0.00127
  53755.156031000  10.17020   0.00136
  53735.402080000  10.17020   0.00102
  53755.185141000  10.17020   0.00141
  53755.170541000  10.17030   0.00131
  53745.172601000  10.17030   0.00088
  53755.194421000  10.17030   0.00121
  53755.130971000  10.17030   0.00154
  53730.409360000  10.17030   0.00068
  53730.384750000  10.17030   0.00078
  53730.358910000  10.17030   0.00105
  53725.414730000  10.17030   0.00107
  53730.334740000  10.17030   0.00081
  53755.160421000  10.17030   0.00144
  53734.193990000  10.17030   0.00129
  53735.332010000  10.17040   0.00073
  53725.435880000  10.17040   0.00099
  53734.188660000  10.17040   0.00128
  53755.189131000  10.17040   0.00159
  53725.410710000  10.17040   0.00103
  53740.339460000  10.17050   0.00083
  53745.247721000  10.17050   0.00091
  53725.475540000  10.17050   0.00088
  53745.197891000  10.17050   0.00072
  53734.192380000  10.17050   0.00132
  53725.411720000  10.17050   0.00111
  53745.149381000  10.17050   0.00098
  53740.364890000  10.17050   0.00084
  53725.486260000  10.17050   0.00097
  53725.394060000  10.17050   0.00114
  53725.418770000  10.17060   0.00114
  53745.310741000  10.17060   0.00073
  53755.158981000  10.17060   0.00139
  53725.482680000  10.17060   0.00095
  53745.298171000  10.17060   0.00076
  53734.189870000  10.17060   0.00132
  53745.186931000  10.17060   0.00086
  53745.193271000  10.17060   0.00074
  53755.153351000  10.17070   0.00136
  53755.177201000  10.17070   0.00131
  53735.299560000  10.17070   0.00105
  53734.178380000  10.17070   0.00131
  53745.189241000  10.17070   0.00086
  53735.331370000  10.17070   0.00078
  53740.372880000  10.17070   0.00086
  53730.458640000  10.17070   0.00078
  53735.361700000  10.17070   0.00112
  53734.191170000  10.17070   0.00136
  53735.349440000  10.17070   0.00062
  53734.180960000  10.17070   0.00132
  53734.183520000  10.17070   0.00126
  53755.163311000  10.17080   0.00139
  53755.166191000  10.17080   0.00138
  53740.353040000  10.17080   0.00085
  53725.446550000  10.17080   0.00094
  53745.284391000  10.17080   0.00075
  53725.449220000  10.17080   0.00093
  53730.460850000  10.17080   0.00078
  53730.420000000  10.17080   0.00074
  53745.280301000  10.17090   0.00075
  53745.281671000  10.17090   0.00073
  53745.233871000  10.17090   0.00089
  53740.374450000  10.17090   0.00090
  53745.296841000  10.17090   0.00075
  53735.351230000  10.17090   0.00070
  53740.360810000  10.17090   0.00083
  53740.336210000  10.17090   0.00085
  53735.322550000  10.17090   0.00136
  53755.146701000  10.17090   0.00133
  53755.154691000  10.17090   0.00135
  53735.415250000  10.17100   0.00088
  53734.165620000  10.17100   0.00133
  53735.381970000  10.17100   0.00118
  53734.166880000  10.17100   0.00139
  53725.496790000  10.17100   0.00108
  53755.182501000  10.17100   0.00166
  53735.342600000  10.17110   0.00070
  53730.417040000  10.17110   0.00062
  53735.341120000  10.17110   0.00070
  53745.230341000  10.17110   0.00094
  53734.158880000  10.17110   0.00129
  53730.366090000  10.17110   0.00109
  53735.347910000  10.17120   0.00069
  53755.132531000  10.17120   0.00146
  53725.492300000  10.17120   0.00108
  53734.170670000  10.17120   0.00126
  53745.312721000  10.17120   0.00074
  53725.473780000  10.17120   0.00090
  53755.157531000  10.17120   0.00142
  53755.152021000  10.17120   0.00139
  53725.424820000  10.17130   0.00103
  53745.234741000  10.17130   0.00097
  53730.381670000  10.17130   0.00078
  53745.255221000  10.17130   0.00086
  53730.392160000  10.17130   0.00118
  53730.419040000  10.17140   0.00074
  53735.344110000  10.17140   0.00076
  53734.179630000  10.17140   0.00132
  53730.404750000  10.17140   0.00072
  53735.339590000  10.17140   0.00078
  53735.378630000  10.17140   0.00112
  53725.474660000  10.17140   0.00088
  53745.285721000  10.17140   0.00076
  53755.193101000  10.17140   0.00139
  53735.292980000  10.17140   0.00083
  53745.299491000  10.17150   0.00075
  53730.454420000  10.17150   0.00054
  53735.321080000  10.17150   0.00148
  53725.479110000  10.17150   0.00089
  53745.184611000  10.17150   0.00087
  53755.148031000  10.17150   0.00131
  53725.499030000  10.17150   0.00109
  53730.407490000  10.17150   0.00069
  53735.345710000  10.17150   0.00076
  53725.476440000  10.17160   0.00088
  53735.404980000  10.17160   0.00102
  53730.425440000  10.17160   0.00084
  53735.332800000  10.17160   0.00070
  53730.469230000  10.17170   0.00073
  53745.217791000  10.17170   0.00074
  53730.402680000  10.17170   0.00079
  53725.480900000  10.17170   0.00093
  53725.465050000  10.17170   0.00107
  53735.341890000  10.17170   0.00065
  53725.428830000  10.17170   0.00104
  53735.347160000  10.17170   0.00068
  53755.140021000  10.17180   0.00132
  53730.423260000  10.17190   0.00079
  53730.462300000  10.17190   0.00082
  53730.390360000  10.17190   0.00116
  53734.210400000  10.17190   0.00170
  53725.470860000  10.17190   0.00098
  53745.280991000  10.17190   0.00074
  53734.184750000  10.17200   0.00128
  53745.225931000  10.17200   0.00093
  53730.411840000  10.17200   0.00067
  53725.440300000  10.17200   0.00090
  53755.161871000  10.17200   0.00139
  53745.212561000  10.17200   0.00075
  53725.493410000  10.17200   0.00109
  53745.272061000  10.17200   0.00084
  53730.454970000  10.17200   0.00051
  53725.434880000  10.17200   0.00100
  53725.438520000  10.17200   0.00090
  53745.256011000  10.17200   0.00087
  53730.428770000  10.17200   0.00088
  53725.468850000  10.17210   0.00102
  53755.138691000  10.17210   0.00137
  53730.369350000  10.17210   0.00145
  53735.318210000  10.17210   0.00167
  53725.495670000  10.17220   0.00107
  53755.137361000  10.17220   0.00135
  53745.244671000  10.17220   0.00095
  53735.393420000  10.17220   0.00065
  53745.238341000  10.17220   0.00095
  53755.134241000  10.17220   0.00138
  53745.283711000  10.17220   0.00074
  53745.227701000  10.17230   0.00097
  53755.149351000  10.17230   0.00135
  53745.268031000  10.17230   0.00086
  53745.303441000  10.17230   0.00076
  53725.443860000  10.17230   0.00092
  53745.235621000  10.17230   0.00096
  53730.410150000  10.17230   0.00068
  53745.257611000  10.17230   0.00086
  53735.316740000  10.17240   0.00155
  53725.420770000  10.17240   0.00115
  53745.226821000  10.17240   0.00094
  53725.444720000  10.17240   0.00091
  53735.298560000  10.17240   0.00110
  53734.169430000  10.17250   0.00127
  53734.174550000  10.17250   0.00129
  53755.174541000  10.17250   0.00137
  53730.383540000  10.17260   0.00068
  53745.232991000  10.17260   0.00091
  53725.503600000  10.17260   0.00111
  53725.466820000  10.17260   0.00101
  53735.336570000  10.17260   0.00066
  53745.231221000  10.17270   0.00095
  53725.477330000  10.17270   0.00092
  53725.417770000  10.17270   0.00112
  53745.248791000  10.17270   0.00093
  53734.164300000  10.17270   0.00133
  53734.168170000  10.17270   0.00139
  53735.406420000  10.17280   0.00104
  53745.195921000  10.17280   0.00074
  53745.241051000  10.17280   0.00096
  53755.150701000  10.17290   0.00138
  53755.135681000  10.17290   0.00141
  53730.432890000  10.17290   0.00121
  53745.260811000  10.17290   0.00086
  53745.253641000  10.17290   0.00085
  53755.144041000  10.17290   0.00135
  53745.213861000  10.17300   0.00076
  53725.483570000  10.17300   0.00094
  53730.430150000  10.17300   0.00104
  53730.416110000  10.17310   0.00061
  53730.413580000  10.17310   0.00063
  53755.145371000  10.17310   0.00142
  53735.390100000  10.17310   0.00091
  53745.245581000  10.17310   0.00090
  53730.426530000  10.17320   0.00079
  53730.459750000  10.17320   0.00075
  53734.161900000  10.17320   0.00124
  53725.491180000  10.17320   0.00108
  53745.256811000  10.17320   0.00087
  53730.421110000  10.17320   0.00078
  53730.427620000  10.17330   0.00083
  53725.445630000  10.17330   0.00093
  53725.419780000  10.17330   0.00115
  53735.300550000  10.17330   0.00112
  53745.229461000  10.17350   0.00096
  53725.488030000  10.17350   0.00090
  53755.123091000  10.17360   0.00198
  53730.415280000  10.17360   0.00059
  53735.348710000  10.17360   0.00077
  53735.389130000  10.17360   0.00087
  53745.252851000  10.17360   0.00085
  53735.313860000  10.17370   0.00153
  53745.241951000  10.17370   0.00095
  53730.455670000  10.17370   0.00052
  53745.263231000  10.17370   0.00087
  53725.494550000  10.17370   0.00110
  53745.261611000  10.17380   0.00086
  53725.485350000  10.17390   0.00096
  53730.422160000  10.17390   0.00079
  53745.232101000  10.17420   0.00094
  53745.250761000  10.17420   0.00093
  53730.405580000  10.17420   0.00070
  53745.243761000  10.17430   0.00094
  53745.211911000  10.17430   0.00074
  53725.467820000  10.17430   0.00101
  53735.301540000  10.17430   0.00102
  53755.142701000  10.17430   0.00134
  53725.422790000  10.17430   0.00108
  53735.392300000  10.17440   0.00077
  53725.481800000  10.17440   0.00093
  53730.424350000  10.17440   0.00086
  53745.242861000  10.17440   0.00094
  53734.163070000  10.17450   0.00133
  53735.353090000  10.17480   0.00065
  53755.141351000  10.17480   0.00137
  53745.220411000  10.17490   0.00074
  53745.266431000  10.17510   0.00087
  53755.117361000  10.17530   0.00190
  53735.368480000  10.17540   0.00095
  53755.119271000  10.17540   0.00185
  53730.388220000  10.17560   0.00112
  53755.121191000  10.17620   0.00183
  53730.431450000  10.17620   0.00110
  53755.115461000  10.17630   0.00194
  53745.236511000  10.17750   0.00095
